		fasta_entry_index	fasta_entry_header	chain_id	evalue	bitscore	sstart	send	Z-score	rmsd	lali	nres	perc_id	pdb_descr	query_id	sbjct_id	pair_SPS
2	1	(2994, 833)	(2994, 833)	('1A0A:B', '1AM9:C')	(2.92e-38, 1.4299999999999999e-46)	(123.0, 145.0)	(1, 1)	(63, 80)	NA	NA	NA	NA	NA	NA	NA	NA	0.0
3	1	(2506, 833)	(2506, 833)	('1AN4:B', '1AM9:C')	(1.66e-38, 1.4299999999999999e-46)	(124.0, 145.0)	(1, 1)	(65, 80)	NA	NA	NA	NA	NA	NA	NA	NA	0.0
2	0	(2994, 3060)	(2994, 3060)	('1A0A:B', '1HLO:A')	(2.92e-38, 2.42e-49)	(123.0, 152.0)	(1, 1)	(63, 80)	4.3	2.4	55	80	25	MOLECULE: DNA 	1A0AB	1HLOA	0.0
3	0	(2506, 3060)	(2506, 3060)	('1AN4:B', '1HLO:A')	(1.66e-38, 2.42e-49)	(124.0, 152.0)	(1, 1)	(65, 80)	2.6	3.4	53	80	4	MOLECULE: DNA 	1AN4B	1HLOA	0.021739130434782608
1	0	(833, 3060)	(833, 3060)	('1AM9:C', '1HLO:A')	(1.4299999999999999e-46, 2.42e-49)	(145.0, 152.0)	(1, 1)	(80, 80)	4.2	3.3	66	80	8	MOLECULE: DNA 	1AM9C	1HLOA	0.030303030303030304
3	2	(2506, 2994)	(2506, 2994)	('1AN4:B', '1A0A:B')	(1.66e-38, 2.92e-38)	(124.0, 123.0)	(1, 1)	(65, 63)	NA	NA	NA	NA	NA	NA	NA	NA	0.0
