		fasta_entry_index	fasta_entry_header	chain_id	evalue	bitscore	sstart	send	Z-score	rmsd	lali	nres	perc_id	pdb_descr	query_id	sbjct_id	pair_SPS
2	1	(2351, 2530)	(2351, 2530)	('1AM9:C', '1HLO:A')	(1.4299999999999999e-46, 2.42e-49)	(145.0, 152.0)	(1, 1)	(80, 80)	4.2	3.3	66	80	8	MOLECULE: DNA 	1AM9C	1HLOA	0.10606060606060606
3	1	(2791, 2530)	(2791, 2530)	('1A0A:B', '1HLO:A')	(2.92e-38, 2.42e-49)	(123.0, 152.0)	(1, 1)	(63, 80)	4.3	2.4	55	80	25	MOLECULE: DNA 	1A0AB	1HLOA	0.02
2	0	(2351, 1878)	(2351, 1878)	('1AM9:C', '1AN4:B')	(1.4299999999999999e-46, 1.66e-38)	(145.0, 124.0)	(1, 1)	(80, 65)	NA	NA	NA	NA	NA	NA	NA	NA	0.0
3	0	(2791, 1878)	(2791, 1878)	('1A0A:B', '1AN4:B')	(2.92e-38, 1.66e-38)	(123.0, 124.0)	(1, 1)	(63, 65)	NA	NA	NA	NA	NA	NA	NA	NA	0.0
1	0	(2530, 1878)	(2530, 1878)	('1HLO:A', '1AN4:B')	(2.42e-49, 1.66e-38)	(152.0, 124.0)	(1, 1)	(80, 65)	2.9	3.4	55	65	7	MOLECULE: DNA 	1HLOA	1AN4B	0.0
3	2	(2791, 2351)	(2791, 2351)	('1A0A:B', '1AM9:C')	(2.92e-38, 1.4299999999999999e-46)	(123.0, 145.0)	(1, 1)	(63, 80)	NA	NA	NA	NA	NA	NA	NA	NA	1.0
