		fasta_entry_index	fasta_entry_header	chain_id	evalue	bitscore	sstart	send	Z-score	rmsd	lali	nres	perc_id	pdb_descr	query_id	sbjct_id	pair_SPS
2	1	(2, 4)	('1ido', '1auq')	('1IDO:A', '1U0N:A')	(1.4100000000000001e-129, 8.64e-145)	(363, 404)	(1, 1)	(184, 208)	19.5	2.4	172	207	18	MOLECULE: VON WILLEBRAND FACTOR	1IDOA	1U0NA	0.9294871794871795
3	1	(5, 4)	('1aoxa', '1auq')	('1AOX:A', '1U0N:A')	(2.81e-142, 8.64e-145)	(397, 404)	(1, 1)	(201, 208)	23.5	1.8	178	207	16	MOLECULE: VON WILLEBRAND FACTOR	1AOXA	1U0NA	0.898876404494382
2	0	(2, 3)	('1ido', '1atza')	('1IDO:A', '1FE8:C')	(1.4100000000000001e-129, 1.1800000000000001e-125)	(363, 354)	(1, 6)	(184, 189)	22.6	1.9	172	191	22	MOLECULE: VON WILLEBRAND FACTOR	1IDOA	1FE8C	0.8819875776397516
3	0	(5, 3)	('1aoxa', '1atza')	('1AOX:A', '1FE8:C')	(2.81e-142, 1.1800000000000001e-125)	(397, 354)	(1, 6)	(201, 189)	24.6	1.8	181	191	21	MOLECULE: VON WILLEBRAND FACTOR	1AOXA	1FE8C	0.9651162790697675
1	0	(4, 3)	('1auq', '1atza')	('1U0N:A', '1FE8:C')	(8.64e-145, 1.1800000000000001e-125)	(404, 354)	(1, 6)	(208, 189)	23.5	2.0	179	191	21	MOLECULE: VON WILLEBRAND FACTOR	1U0NA	1FE8C	0.9583333333333334
3	2	(5, 2)	('1aoxa', '1ido')	('1AOX:A', '1IDO:A')	(2.81e-142, 1.4100000000000001e-129)	(397, 363)	(1, 1)	(201, 184)	24.3	2.0	178	184	26	MOLECULE: INTEGRIN	1AOXA	1IDOA	0.9272727272727272
