		fasta_entry_index	fasta_entry_header	chain_id	evalue	bitscore	sstart	send	Z-score	rmsd	lali	nres	perc_id	pdb_descr	query_id	sbjct_id	pair_SPS
2	1	(4, 3)	('1bg4', '1xyza')	('1B3X:A', '1XYZ:B')	(1.0699999999999999e-221, 1.4000000000000002e-249)	(606, 678)	(2, 1)	(302, 320)	40.2	1.6	295	320	39	MOLECULE: 1	1B3XA	1XYZB	0.9784172661870504
3	1	(1, 3)	('1exp', '1xyza')	('3CUF:A', '1XYZ:B')	(1.12e-231, 1.4000000000000002e-249)	(632, 678)	(1, 1)	(312, 320)	44.7	1.4	310	320	41	MOLECULE: 1	3CUFA	1XYZB	0.9602649006622517
2	0	(4, 2)	('1bg4', '1clxa')	('1B3X:A', '1W2P:B')	(1.0699999999999999e-221, 1.53e-257)	(606, 701)	(2, 1)	(302, 345)	36.9	1.8	288	346	37	MOLECULE: ENDO-1	1B3XA	1W2PB	0.9203187250996016
3	0	(1, 2)	('1exp', '1clxa')	('3CUF:A', '1W2P:B')	(1.12e-231, 1.53e-257)	(632, 701)	(1, 1)	(312, 345)	40.0	1.9	305	346	41	MOLECULE: ENDO-1	3CUFA	1W2PB	0.9298892988929889
1	0	(3, 2)	('1xyza', '1clxa')	('1XYZ:B', '1W2P:B')	(1.4000000000000002e-249, 1.53e-257)	(678, 701)	(1, 1)	(320, 345)	39.0	1.9	307	346	34	MOLECULE: ENDO-1	1XYZB	1W2PB	0.925531914893617
3	2	(1, 4)	('1exp', '1bg4')	('3CUF:A', '1B3X:A')	(1.12e-231, 1.0699999999999999e-221)	(632, 606)	(1, 2)	(312, 302)	42.1	1.5	293	302	39	MOLECULE: PROTEIN 	3CUFA	1B3XA	0.9752650176678446
