		fasta_entry_index	fasta_entry_header	chain_id	evalue	bitscore	sstart	send	Z-score	rmsd	lali	nres	perc_id	pdb_descr	query_id	sbjct_id	pair_SPS
2	1	(1501, 1500)	('1bg4', '1xyza')	('1B3X:A', '1XYZ:B')	(1.0699999999999999e-221, 1.4000000000000002e-249)	(606.0, 678.0)	(2, 1)	(302, 320)	40.2	1.6	295	320	39	MOLECULE: 1	1B3XA	1XYZB	0.8992805755395683
3	1	(1498, 1500)	('1exp', '1xyza')	('3CUF:A', '1XYZ:B')	(1.12e-231, 1.4000000000000002e-249)	(632.0, 678.0)	(1, 1)	(312, 320)	44.7	1.4	310	320	41	MOLECULE: 1	3CUFA	1XYZB	0.9304635761589404
2	0	(1501, 1499)	('1bg4', '1clxa')	('1B3X:A', '1W2P:B')	(1.0699999999999999e-221, 1.53e-257)	(606.0, 701.0)	(2, 1)	(302, 345)	36.9	1.8	288	346	37	MOLECULE: ENDO-1	1B3XA	1W2PB	0.8366533864541833
3	0	(1498, 1499)	('1exp', '1clxa')	('3CUF:A', '1W2P:B')	(1.12e-231, 1.53e-257)	(632.0, 701.0)	(1, 1)	(312, 345)	40.0	1.9	305	346	41	MOLECULE: ENDO-1	3CUFA	1W2PB	0.8597785977859779
1	0	(1500, 1499)	('1xyza', '1clxa')	('1XYZ:B', '1W2P:B')	(1.4000000000000002e-249, 1.53e-257)	(678.0, 701.0)	(1, 1)	(320, 345)	39.0	1.9	307	346	34	MOLECULE: ENDO-1	1XYZB	1W2PB	0.8475177304964538
3	2	(1498, 1501)	('1exp', '1bg4')	('3CUF:A', '1B3X:A')	(1.12e-231, 1.0699999999999999e-221)	(632.0, 606.0)	(1, 2)	(312, 302)	42.1	1.5	293	302	39	MOLECULE: PROTEIN 	3CUFA	1B3XA	0.901060070671378
