	qseqid	sseqid	pident	length	mismatch	gapopen	qstart	qend	sstart	send	evalue	bitscore	qlen
0	1e0ca1	1E0C:A	100	135	0	0	1	135	1	135	8.800000000000001e-96	279	135
1	1rhs1	1ORB:A	100	149	0	0	1	149	1	149	1.4200000000000002e-110	318	149
2	1c25	1C25:A	100	161	0	0	1	161	1	161	3.61e-123	345	161
3	1qb0a	1CWS:A	100	177	0	0	1	177	2	178	1.17e-134	376	177
