	qseqid	sseqid	pident	length	mismatch	gapopen	qstart	qend	sstart	send	evalue	bitscore	qlen
0	1mema	1BY8:A	100	215	0	0	1	215	96	310	6.890000000000001e-163	454.0	215
1	1gece	1GEC:E	100	216	0	0	1	216	1	216	1.33e-161	447.0	216
2	1ppo	1PPO:A	100	216	0	0	1	216	1	216	1.01e-156	435.0	216
3	1ppn	3LFY:C	100	212	0	0	1	212	1	212	1.9600000000000002e-164	454.0	212
4	1cqda	1CQD:D	100	216	0	0	1	216	1	216	5.879999999999999e-165	456.0	216
5	2act	2ACT:A	100	218	0	0	1	218	1	218	1.14e-163	452.0	218
6	1thea	1CPJ:B	100	253	0	0	1	253	1	253	4.67e-203	555.0	253
7	1deua	1EF7:B	100	242	0	0	1	242	1	242	5.66e-194	531.0	242
