		fasta_entry_index	fasta_entry_header	chain_id	evalue	bitscore	sstart	send	Z-score	rmsd	lali	nres	perc_id	pdb_descr	query_id	sbjct_id	pair_SPS
1	0	(1156, 1157)	('1a5da', '4gcr')	('1ZIQ:A', '1GCS:A')	(7.419999999999999e-140, 3.2699999999999998e-139)	(389.0, 387.0)	(1, 1)	(173, 174)	29.8	1.1	173	174	80	MOLECULE: GAMMA-B CRYSTALLIN	1ZIQA	1GCSA	0.9825581395348837
2	0	(1159, 1157)	('1prs', '4gcr')	('1PRS:A', '1GCS:A')	(1.2800000000000002e-122, 3.2699999999999998e-139)	(345.0, 387.0)	(1, 1)	(173, 174)	10.4	1.9	79	174	15	MOLECULE: GAMMA-B CRYSTALLIN	1PRSA	1GCSA	0.0
2	1	(1159, 1156)	('1prs', '1a5da')	('1PRS:A', '1ZIQ:A')	(1.2800000000000002e-122, 7.419999999999999e-140)	(345.0, 389.0)	(1, 1)	(173, 173)	10.2	2.0	80	173	23	MOLECULE: GAMMA CRYSTALLIN E	1PRSA	1ZIQA	0.0
