		fasta_entry_index	fasta_entry_header	chain_id	evalue	bitscore	sstart	send	Z-score	rmsd	lali	nres	perc_id	pdb_descr	query_id	sbjct_id	pair_SPS
1	0	(6318, 7240)	(6318, 7240)	('1SET:B', '1QF6:A')	(4.6699999999999995e-229, 6.45e-222)	(630, 620)	(111, 240)	(421, 530)	NA	NA	NA	NA	NA	NA	NA	NA	0
2	0	(702, 7240)	(702, 7240)	('1ADJ:D', '1QF6:A')	(9.559999999999999e-228, 6.45e-222)	(627, 620)	(1, 240)	(324, 530)	NA	NA	NA	NA	NA	NA	NA	NA	0
2	1	(702, 6318)	(702, 6318)	('1ADJ:D', '1SET:B')	(9.559999999999999e-228, 4.6699999999999995e-229)	(627, 630)	(1, 111)	(324, 421)	NA	NA	NA	NA	NA	NA	NA	NA	0
