	qseqid	sseqid	pident	length	mismatch	gapopen	qstart	qend	sstart	send	evalue	bitscore	qlen
0	1wgta1	2X52:A	100	42	0	0	1	42	2	43	5.830000000000001e-29	102.0	42
1	1wgta4	8VU8:A	100	42	0	0	1	42	2	43	1.2399999999999999e-28	97.8	42
2	1hev	4WP4:A	100	43	0	0	1	43	1	43	1.14e-31	105.0	43
