		fasta_entry_index	fasta_entry_header	chain_id	evalue	bitscore	sstart	send	Z-score	rmsd	lali	nres	perc_id	pdb_descr	query_id	sbjct_id	pair_SPS
2	1	(899, 868)	('1ido', '1auq')	('1IDO:A', '1U0N:A')	(1.4100000000000001e-129, 8.64e-145)	(363, 404)	(1, 1)	(184, 208)	19.5	2.4	172	207	18	MOLECULE: VON WILLEBRAND FACTOR	1IDOA	1U0NA	0.8782051282051282
3	1	(812, 868)	('1atza', '1auq')	('1FE8:C', '1U0N:A')	(1.1800000000000001e-125, 8.64e-145)	(354, 404)	(6, 1)	(189, 208)	23.5	2.1	180	207	21	MOLECULE: VON WILLEBRAND FACTOR	1FE8C	1U0NA	0.8698224852071006
2	0	(899, 820)	('1ido', '1aoxa')	('1IDO:A', '1AOX:A')	(1.4100000000000001e-129, 2.81e-142)	(363, 397)	(1, 1)	(184, 201)	24.3	2.0	178	201	26	MOLECULE: INTEGRIN ALPHA 2 BETA	1IDOA	1AOXA	0.9090909090909091
3	0	(812, 820)	('1atza', '1aoxa')	('1FE8:C', '1AOX:A')	(1.1800000000000001e-125, 2.81e-142)	(354, 397)	(6, 1)	(189, 201)	24.6	1.8	181	201	21	MOLECULE: INTEGRIN ALPHA 2 BETA	1FE8C	1AOXA	0.8895348837209303
1	0	(868, 820)	('1auq', '1aoxa')	('1U0N:A', '1AOX:A')	(8.64e-145, 2.81e-142)	(404, 397)	(1, 1)	(208, 201)	23.5	1.7	178	201	16	MOLECULE: INTEGRIN ALPHA 2 BETA	1U0NA	1AOXA	0.848314606741573
3	2	(812, 899)	('1atza', '1ido')	('1FE8:C', '1IDO:A')	(1.1800000000000001e-125, 1.4100000000000001e-129)	(354, 363)	(6, 1)	(189, 184)	22.6	1.9	172	184	22	MOLECULE: INTEGRIN	1FE8C	1IDOA	0.8571428571428571
