	qseqid	sseqid	pident	length	mismatch	gapopen	qstart	qend	sstart	send	evalue	bitscore	qlen
0	1a5da	1ZIQ:A	100	173	0	0	1	173	1	173	7.419999999999999e-140	389.0	173
1	4gcr	1GCS:A	100	174	0	0	1	174	1	174	3.2699999999999998e-139	387.0	174
2	1prs	1PRS:A	100	173	0	0	1	173	1	173	1.2800000000000002e-122	345.0	173
