		fasta_entry_index	fasta_entry_header	chain_id	evalue	bitscore	sstart	send	Z-score	rmsd	lali	nres	perc_id	pdb_descr	query_id	sbjct_id	pair_SPS
1	0	(11291, 11292)	('1srya', '1qf6a')	('1SET:B', '1QF6:A')	(4.6699999999999995e-229, 6.45e-222)	(630, 620)	(111, 240)	(421, 530)	25.1	2.5	268	641	13	MOLECULE: THREONINE TRNA	1SETB	1QF6A	0.9078947368421053
2	0	(11290, 11292)	('1adja', '1qf6a')	('1ADJ:D', '1QF6:A')	(9.559999999999999e-228, 6.45e-222)	(627, 620)	(1, 240)	(324, 530)	23.3	3.8	283	641	17	MOLECULE: THREONINE TRNA	1ADJD	1QF6A	0.0
2	1	(11290, 11291)	('1adja', '1srya')	('1ADJ:D', '1SET:B')	(9.559999999999999e-228, 4.6699999999999995e-229)	(627, 630)	(1, 111)	(324, 421)	18.8	2.9	224	421	15	MOLECULE: SERYL-TRNA SYNTHETASE	1ADJD	1SETB	0.5932203389830508
