		fasta_entry_index	fasta_entry_header	chain_id	evalue	bitscore	sstart	send	Z-score	rmsd	lali	nres	perc_id	pdb_descr	query_id	sbjct_id	pair_SPS
2	1	(3505, 3509)	('1lbd', '1a28a')	('6HN6:A', '1A28:A')	(7.63e-172, 5.79e-178)	(475.0, 491.0)	(1, 1)	(238, 251)	17.3	2.7	187	251	19	MOLECULE: PROGESTERONE RECEPTOR	6HN6A	1A28A	0.8181818181818182
3	1	(3507, 3509)	('1prga', '1a28a')	('8ATY:A', '1A28:A')	(4.7900000000000004e-185, 5.79e-178)	(519.0, 491.0)	(209, 1)	(478, 251)	20.3	2.5	215	251	16	MOLECULE: PROGESTERONE RECEPTOR	8ATYA	1A28A	0.0
2	0	(3505, 3506)	('1lbd', '2lbd')	('6HN6:A', '2LBD:A')	(7.63e-172, 1.2699999999999999e-170)	(475.0, 472.0)	(1, 1)	(238, 238)	21.2	2.5	196	238	29	MOLECULE: RETINOIC ACID RECEPTOR GAMMA	6HN6A	2LBDA	0.8775510204081632
3	0	(3507, 3506)	('1prga', '2lbd')	('8ATY:A', '2LBD:A')	(4.7900000000000004e-185, 1.2699999999999999e-170)	(519.0, 472.0)	(209, 1)	(478, 238)	25.9	2.2	227	238	25	MOLECULE: RETINOIC ACID RECEPTOR GAMMA	8ATYA	2LBDA	0.0
1	0	(3509, 3506)	('1a28a', '2lbd')	('1A28:A', '2LBD:A')	(5.79e-178, 1.2699999999999999e-170)	(491.0, 472.0)	(1, 1)	(251, 238)	21.0	2.4	210	238	17	MOLECULE: RETINOIC ACID RECEPTOR GAMMA	1A28A	2LBDA	0.7333333333333333
3	2	(3507, 3505)	('1prga', '1lbd')	('8ATY:A', '6HN6:A')	(4.7900000000000004e-185, 7.63e-172)	(519.0, 475.0)	(209, 1)	(478, 238)	17.9	2.9	201	238	23	MOLECULE: RETINOIC ACID RECEPTOR RXR-ALPHA	8ATYA	6HN6A	0.0
