		fasta_entry_index	fasta_entry_header	chain_id	evalue	bitscore	sstart	send	Z-score	rmsd	lali	nres	perc_id	pdb_descr	query_id	sbjct_id	pair_SPS
2	1	(2275, 1891)	(2275, 1891)	('4WN9:D', '1QH8:C')	(0.0, 0.0)	(915, 972)	(2, 1)	(458, 478)	30.7	3.4	405	478	19	MOLECULE: PROTEIN 	4WN9D	1QH8C	0.007751937984496124
3	1	(81, 1891)	(81, 1891)	('1QH8:D', '1QH8:C')	(0.0, 0.0)	(1061, 972)	(1, 1)	(519, 478)	29.3	3.3	410	478	16	MOLECULE: PROTEIN 	1QH8D	1QH8C	0.034210526315789476
2	0	(2275, 1060)	(2275, 1060)	('4WN9:D', '9CU0:D')	(0.0, 0.0)	(915, 1023)	(2, 32)	(458, 522)	47.2	1.6	455	522	40	MOLECULE: NITROGENASE MOLYBDENUM-IRON PROTEIN ALPHA CHAIN	4WN9D	9CU0D	0.09164420485175202
3	0	(81, 1060)	(81, 1060)	('1QH8:D', '9CU0:D')	(0.0, 0.0)	(1061, 1023)	(1, 32)	(519, 522)	55.9	0.8	519	522	68	MOLECULE: NITROGENASE MOLYBDENUM-IRON PROTEIN ALPHA CHAIN	1QH8D	9CU0D	0.04526748971193416
1	0	(1891, 1060)	(1891, 1060)	('1QH8:C', '9CU0:D')	(0.0, 0.0)	(972, 1023)	(1, 32)	(478, 522)	29.0	3.4	414	522	16	MOLECULE: NITROGENASE MOLYBDENUM-IRON PROTEIN ALPHA CHAIN	1QH8C	9CU0D	0.0
3	2	(81, 2275)	(81, 2275)	('1QH8:D', '4WN9:D')	(0.0, 0.0)	(1061, 915)	(1, 2)	(519, 458)	49.3	1.5	455	459	38	MOLECULE: NITROGENASE MOLYBDENUM-IRON PROTEIN ALPHA CHAIN	1QH8D	4WN9D	0.002506265664160401
