	qseqid	sseqid	pident	length	mismatch	gapopen	qstart	qend	sstart	send	evalue	bitscore	qlen
0	1avha	8GYC:B	100	318	0	0	1	318	1	318	5.95e-223	611	318
1	2ran	2IE7:A	100	316	0	0	1	316	1	316	4.3400000000000003e-222	608	316
2	1ala	1ALA:A	100	316	0	0	1	316	1	316	9.900000000000001e-223	610	316
3	1aeia	1AEI:F	100	315	0	0	1	315	1	315	4.5400000000000006e-223	611	315
4	1axn	1AXN:A	100	323	0	0	1	323	1	323	1.27e-233	638	323
5	1ann	1ANN:A	100	315	0	0	1	315	1	315	3.89e-224	613	315
