		fasta_entry_index	fasta_entry_header	chain_id	evalue	bitscore	sstart	send	Z-score	rmsd	lali	nres	perc_id	pdb_descr	query_id	sbjct_id	pair_SPS
2	1	(5, 4)	('1bkpa', '2tsra')	('1B02:A', '2TSR:D')	(2.6e-213, 1.73e-211)	(583, 591)	(2, 1)	(279, 281)	32.9	1.6	255	282	39	MOLECULE: THYMIDYLATE SYNTHASE	1B02A	2TSRD	0.9644268774703557
3	1	(2, 4)	('3tms', '2tsra')	('2A9W:D', '2TSR:D')	(3.67e-192, 1.73e-211)	(563, 591)	(1, 1)	(264, 281)	37.2	1.2	256	282	55	MOLECULE: THYMIDYLATE SYNTHASE	2A9WD	2TSRD	0.99581589958159
2	0	(5, 3)	('1bkpa', '1tis')	('1B02:A', '1TIS:A')	(2.6e-213, 1.5199999999999994e-220)	(583, 602)	(2, 1)	(279, 286)	28.1	2.2	255	286	36	MOLECULE: THYMIDYLATE SYNTHASE	1B02A	1TISA	0.9395161290322581
3	0	(2, 3)	('3tms', '1tis')	('2A9W:D', '1TIS:A')	(3.67e-192, 1.5199999999999994e-220)	(563, 602)	(1, 1)	(264, 286)	31.7	1.6	256	286	49	MOLECULE: THYMIDYLATE SYNTHASE	2A9WD	1TISA	0.9661016949152542
1	0	(4, 3)	('2tsra', '1tis')	('2TSR:D', '1TIS:A')	(1.73e-211, 1.5199999999999994e-220)	(591, 602)	(1, 1)	(281, 286)	30.7	1.9	260	286	47	MOLECULE: THYMIDYLATE SYNTHASE	2TSRD	1TISA	0.9692307692307692
3	2	(2, 5)	('3tms', '1bkpa')	('2A9W:D', '1B02:A')	(3.67e-192, 2.6e-213)	(563, 583)	(1, 2)	(264, 279)	33.6	1.7	258	280	36	MOLECULE: PROTEIN 	2A9WD	1B02A	0.9754098360655737
