		fasta_entry_index	fasta_entry_header	chain_id	evalue	bitscore	sstart	send	Z-score	rmsd	lali	nres	perc_id	pdb_descr	query_id	sbjct_id	pair_SPS
2	1	(2118, 2117)	('1bkpa', '2tsra')	('1B02:A', '2TSR:D')	(2.6e-213, 1.73e-211)	(583.0, 591.0)	(2, 1)	(279, 281)	32.9	1.6	255	282	39	MOLECULE: THYMIDYLATE SYNTHASE	1B02A	2TSRD	0.9446640316205533
3	1	(1704, 2117)	('B3I952_ECOLX/1-264', '2tsra')	('2A9W:D', '2TSR:D')	(3.67e-192, 1.73e-211)	(563.0, 591.0)	(1, 1)	(264, 281)	37.2	1.2	256	282	55	MOLECULE: THYMIDYLATE SYNTHASE	2A9WD	2TSRD	0.9874476987447699
2	0	(2118, 194)	('1bkpa', 'TYSY_BPT4/1-286')	('1B02:A', '1TIS:A')	(2.6e-213, 1.5199999999999994e-220)	(583.0, 602.0)	(2, 1)	(279, 286)	28.1	2.2	255	286	36	MOLECULE: THYMIDYLATE SYNTHASE	1B02A	1TISA	0.8991935483870968
3	0	(1704, 194)	('B3I952_ECOLX/1-264', 'TYSY_BPT4/1-286')	('2A9W:D', '1TIS:A')	(3.67e-192, 1.5199999999999994e-220)	(563.0, 602.0)	(1, 1)	(264, 286)	31.7	1.6	256	286	49	MOLECULE: THYMIDYLATE SYNTHASE	2A9WD	1TISA	0.9576271186440678
1	0	(2117, 194)	('2tsra', 'TYSY_BPT4/1-286')	('2TSR:D', '1TIS:A')	(1.73e-211, 1.5199999999999994e-220)	(591.0, 602.0)	(1, 1)	(281, 286)	30.7	1.9	260	286	47	MOLECULE: THYMIDYLATE SYNTHASE	2TSRD	1TISA	0.9576923076923077
3	2	(1704, 2118)	('B3I952_ECOLX/1-264', '1bkpa')	('2A9W:D', '1B02:A')	(3.67e-192, 2.6e-213)	(563.0, 583.0)	(1, 2)	(264, 279)	33.6	1.7	258	280	36	MOLECULE: PROTEIN 	2A9WD	1B02A	0.9631147540983607
