		fasta_entry_index	fasta_entry_header	chain_id	evalue	bitscore	sstart	send	Z-score	rmsd	lali	nres	perc_id	pdb_descr	query_id	sbjct_id	pair_SPS
2	1	(1775, 1047)	(1775, 1047)	('1H2R:S', '1E3D:C')	(2.1400000000000002e-206, 1.19e-205)	(565.0, 562.0)	(1, 1)	(267, 262)	40.9	0.7	262	262	72	MOLECULE: 	1H2RS	1E3DC	0.019455252918287938
3	1	(371, 1047)	(371, 1047)	('2FRV:S', '1E3D:C')	(2.6e-204, 1.19e-205)	(559.0, 562.0)	(1, 1)	(261, 262)	40.9	0.6	260	262	65	MOLECULE: 	2FRVS	1E3DC	0.06563706563706563
2	0	(1775, 632)	(1775, 632)	('1H2R:S', '1FRF:S')	(2.1400000000000002e-206, 6.38e-205)	(565.0, 560.0)	(1, 1)	(267, 261)	39.0	0.7	260	261	64	MOLECULE: 	1H2RS	1FRFS	0.011811023622047244
3	0	(371, 632)	(371, 632)	('2FRV:S', '1FRF:S')	(2.6e-204, 6.38e-205)	(559.0, 560.0)	(1, 1)	(261, 261)	39.9	0.7	258	261	69	MOLECULE: 	2FRVS	1FRFS	0.046511627906976744
1	0	(1047, 632)	(1047, 632)	('1E3D:C', '1FRF:S')	(1.19e-205, 6.38e-205)	(562.0, 560.0)	(1, 1)	(262, 261)	39.9	0.7	259	261	63	MOLECULE: 	1E3DC	1FRFS	0.09689922480620156
3	2	(371, 1775)	(371, 1775)	('2FRV:S', '1H2R:S')	(2.6e-204, 2.1400000000000002e-206)	(559.0, 565.0)	(1, 1)	(261, 267)	40.5	0.6	261	267	68	MOLECULE: PROTEIN 	2FRVS	1H2RS	0.00784313725490196
