		fasta_entry_index	fasta_entry_header	chain_id	evalue	bitscore	sstart	send	Z-score	rmsd	lali	nres	perc_id	pdb_descr	query_id	sbjct_id	pair_SPS
2	1	(3347, 3346)	('1h2rs', '1e3da')	('1H2R:S', '1E3D:C')	(2.1400000000000002e-206, 1.19e-205)	(565.0, 562.0)	(1, 1)	(267, 262)	40.9	0.7	262	262	72	MOLECULE: 	1H2RS	1E3DC	0.9844357976653697
3	1	(3345, 3346)	('2frva', '1e3da')	('2FRV:S', '1E3D:C')	(2.6e-204, 1.19e-205)	(559.0, 562.0)	(1, 1)	(261, 262)	40.9	0.6	260	262	65	MOLECULE: 	2FRVS	1E3DC	0.9961389961389961
2	0	(3347, 3344)	('1h2rs', '1frfs')	('1H2R:S', '1FRF:S')	(2.1400000000000002e-206, 6.38e-205)	(565.0, 560.0)	(1, 1)	(267, 261)	39.0	0.7	260	261	64	MOLECULE: 	1H2RS	1FRFS	0.9763779527559056
3	0	(3345, 3344)	('2frva', '1frfs')	('2FRV:S', '1FRF:S')	(2.6e-204, 6.38e-205)	(559.0, 560.0)	(1, 1)	(261, 261)	39.9	0.7	258	261	69	MOLECULE: 	2FRVS	1FRFS	0.9844961240310077
1	0	(3346, 3344)	('1e3da', '1frfs')	('1E3D:C', '1FRF:S')	(1.19e-205, 6.38e-205)	(562.0, 560.0)	(1, 1)	(262, 261)	39.9	0.7	259	261	63	MOLECULE: 	1E3DC	1FRFS	0.9883720930232558
3	2	(3345, 3347)	('2frva', '1h2rs')	('2FRV:S', '1H2R:S')	(2.6e-204, 2.1400000000000002e-206)	(559.0, 565.0)	(1, 1)	(261, 267)	40.5	0.6	261	267	68	MOLECULE: PROTEIN 	2FRVS	1H2RS	0.984313725490196
