		fasta_entry_index	fasta_entry_header	chain_id	evalue	bitscore	sstart	send	Z-score	rmsd	lali	nres	perc_id	pdb_descr	query_id	sbjct_id	pair_SPS
2	1	(4, 3)	('1h2rs', '1e3da')	('1H2R:S', '1E3D:C')	(2.1400000000000002e-206, 1.19e-205)	(565, 562)	(1, 1)	(267, 262)	40.9	0.7	262	262	72	MOLECULE: 	1H2RS	1E3DC	1.0
3	1	(2, 3)	('2frva', '1e3da')	('2FRV:S', '1E3D:C')	(2.6e-204, 1.19e-205)	(559, 562)	(1, 1)	(261, 262)	40.9	0.6	260	262	65	MOLECULE: 	2FRVS	1E3DC	1.0
2	0	(4, 1)	('1h2rs', '1frfs')	('1H2R:S', '1FRF:S')	(2.1400000000000002e-206, 6.38e-205)	(565, 560)	(1, 1)	(267, 261)	39.0	0.7	260	261	64	MOLECULE: 	1H2RS	1FRFS	0.9921259842519685
3	0	(2, 1)	('2frva', '1frfs')	('2FRV:S', '1FRF:S')	(2.6e-204, 6.38e-205)	(559, 560)	(1, 1)	(261, 261)	39.9	0.7	258	261	69	MOLECULE: 	2FRVS	1FRFS	0.9922480620155039
1	0	(3, 1)	('1e3da', '1frfs')	('1E3D:C', '1FRF:S')	(1.19e-205, 6.38e-205)	(562, 560)	(1, 1)	(262, 261)	39.9	0.7	259	261	63	MOLECULE: 	1E3DC	1FRFS	0.9961240310077519
3	2	(2, 4)	('2frva', '1h2rs')	('2FRV:S', '1H2R:S')	(2.6e-204, 2.1400000000000002e-206)	(559, 565)	(1, 1)	(261, 267)	40.5	0.6	261	267	68	MOLECULE: PROTEIN 	2FRVS	1H2RS	0.9921568627450981
