		fasta_entry_index	fasta_entry_header	chain_id	evalue	bitscore	sstart	send	Z-score	rmsd	lali	nres	perc_id	pdb_descr	query_id	sbjct_id	pair_SPS
2	1	(69, 1979)	('1h2rs', '1e3da')	('1H2R:S', '1E3D:C')	(2.1400000000000002e-206, 1.19e-205)	(565.0, 562.0)	(1, 1)	(267, 262)	40.9	0.7	262	262	72	MOLECULE: 	1H2RS	1E3DC	0.9883268482490273
3	1	(36, 1979)	('2frva', '1e3da')	('2FRV:S', '1E3D:C')	(2.6e-204, 1.19e-205)	(559.0, 562.0)	(1, 1)	(261, 262)	40.9	0.6	260	262	65	MOLECULE: 	2FRVS	1E3DC	0.9768339768339769
2	0	(69, 14)	('1h2rs', '1frfs')	('1H2R:S', '1FRF:S')	(2.1400000000000002e-206, 6.38e-205)	(565.0, 560.0)	(1, 1)	(267, 261)	39.0	0.7	260	261	64	MOLECULE: 	1H2RS	1FRFS	0.6338582677165354
3	0	(36, 14)	('2frva', '1frfs')	('2FRV:S', '1FRF:S')	(2.6e-204, 6.38e-205)	(559.0, 560.0)	(1, 1)	(261, 261)	39.9	0.7	258	261	69	MOLECULE: 	2FRVS	1FRFS	0.6007751937984496
1	0	(1979, 14)	('1e3da', '1frfs')	('1E3D:C', '1FRF:S')	(1.19e-205, 6.38e-205)	(562.0, 560.0)	(1, 1)	(262, 261)	39.9	0.7	259	261	63	MOLECULE: 	1E3DC	1FRFS	0.627906976744186
3	2	(36, 69)	('2frva', '1h2rs')	('2FRV:S', '1H2R:S')	(2.6e-204, 2.1400000000000002e-206)	(559.0, 565.0)	(1, 1)	(261, 267)	40.5	0.6	261	267	68	MOLECULE: PROTEIN 	2FRVS	1H2RS	0.984313725490196
