	qseqid	sseqid	pident	length	mismatch	gapopen	qstart	qend	sstart	send	evalue	bitscore	qlen
0	1mnc	1MNC:A	100	158	0	0	1	158	1	158	1.08e-118	334	158
1	1hfc	1SU3:B	100	157	0	0	1	157	77	233	3.39e-114	333	157
2	1mmpa	1MMP:A	100	166	0	0	1	166	1	166	1.1499999999999999e-126	355	166
3	1mmpa	1MMP:B	100	166	0	0	1	166	1	166	1.1499999999999999e-126	355	166
4	1mmpa	1MMQ:A	100	166	0	0	1	166	1	166	1.1499999999999999e-126	355	166
5	1mmpa	1MMR:A	100	166	0	0	1	166	1	166	1.1899999999999999e-126	355	166
6	1mmpa	2DDY:A	100	166	0	0	1	166	1	166	1.4799999999999998e-126	355	166
7	456ca	1EUB:A	100	160	0	0	1	160	7	166	2e-122	344	160
8	1bqqm	1BQQ:M	100	174	0	0	1	174	1	174	4.29e-135	377	174
