		fasta_entry_index	fasta_entry_header	chain_id	evalue	bitscore	sstart	send	Z-score	rmsd	lali	nres	perc_id	pdb_descr	query_id	sbjct_id	pair_SPS
2	1	(225, 295)	('1mfma', '1srda')	('1BA9:A', '1SRD:D')	(7.4e-110, 2.7800000000000005e-110)	(311.0, 312.0)	(1, 1)	(153, 154)	24.0	1.7	151	154	57	MOLECULE: COPPER	1BA9A	1SRDD	0.9668874172185431
3	1	(1593, 295)	('2apsa', '1srda')	('2APS:B', '1SRD:D')	(6.06e-119, 2.7800000000000005e-110)	(334.0, 312.0)	(1, 1)	(155, 154)	18.6	2.3	140	154	29	MOLECULE: COPPER	2APSB	1SRDD	0.8776978417266187
2	0	(225, 326)	('1mfma', '1cbja')	('1BA9:A', '1SDA:Y')	(7.4e-110, 3.68e-109)	(311.0, 309.0)	(1, 1)	(153, 151)	24.9	1.6	150	151	79	MOLECULE: COPPER	1BA9A	1SDAY	0.9662162162162162
3	0	(1593, 326)	('2apsa', '1cbja')	('2APS:B', '1SDA:Y')	(6.06e-119, 3.68e-109)	(334.0, 309.0)	(1, 1)	(155, 151)	19.0	2.2	140	151	30	MOLECULE: COPPER	2APSB	1SDAY	0.8382352941176471
1	0	(295, 326)	('1srda', '1cbja')	('1SRD:D', '1SDA:Y')	(2.7800000000000005e-110, 3.68e-109)	(312.0, 309.0)	(1, 1)	(154, 151)	29.1	0.9	150	151	55	MOLECULE: COPPER	1SRDD	1SDAY	0.972972972972973
3	2	(1593, 225)	('2apsa', '1mfma')	('2APS:B', '1BA9:A')	(6.06e-119, 7.4e-110)	(334.0, 311.0)	(1, 1)	(155, 153)	16.6	2.5	138	153	29	MOLECULE: SUPEROXIDE DISMUTASE	2APSB	1BA9A	0.8235294117647058
