		fasta_entry_index	fasta_entry_header	chain_id	evalue	bitscore	sstart	send	Z-score	rmsd	lali	nres	perc_id	pdb_descr	query_id	sbjct_id	pair_SPS
2	1	(6592, 14724)	(6592, 14724)	('3HUD:B', '2FZE:B')	(1.79e-277, 6.739999999999999e-277)	(753.0, 752.0)	(1, 1)	(374, 373)	56.4	1.2	369	373	63	MOLECULE: ALCOHOL DEHYDROGENASE CLASS III CHI CHAIN	3HUDB	2FZEB	0.6168478260869565
3	1	(5390, 14724)	(5390, 14724)	('1CDO:B', '2FZE:B')	(9.249999999999999e-280, 6.739999999999999e-277)	(759.0, 752.0)	(1, 1)	(374, 373)	57.7	1.2	368	373	63	MOLECULE: ALCOHOL DEHYDROGENASE CLASS III CHI CHAIN	1CDOB	2FZEB	0.3569482288828338
2	0	(6592, 3757)	(6592, 3757)	('3HUD:B', '7UC9:B')	(1.79e-277, 1.21e-275)	(753.0, 749.0)	(1, 1)	(374, 374)	61.7	0.7	374	374	87	MOLECULE: ALCOHOL DEHYDROGENASE E CHAIN	3HUDB	7UC9B	0.8342245989304813
3	0	(5390, 3757)	(5390, 3757)	('1CDO:B', '7UC9:B')	(9.249999999999999e-280, 1.21e-275)	(759.0, 749.0)	(1, 1)	(374, 374)	56.1	1.5	366	374	55	MOLECULE: ALCOHOL DEHYDROGENASE E CHAIN	1CDOB	7UC9B	0.4371584699453552
1	0	(14724, 3757)	(14724, 3757)	('2FZE:B', '7UC9:B')	(6.739999999999999e-277, 1.21e-275)	(752.0, 749.0)	(1, 1)	(373, 374)	58.9	1.2	369	374	63	MOLECULE: ALCOHOL DEHYDROGENASE E CHAIN	2FZEB	7UC9B	0.7853260869565217
3	2	(5390, 6592)	(5390, 6592)	('1CDO:B', '3HUD:B')	(9.249999999999999e-280, 1.79e-277)	(759.0, 753.0)	(1, 1)	(374, 374)	54.2	1.6	370	374	56	MOLECULE: ALCOHOL DEHYDROGENASE	1CDOB	3HUDB	0.36486486486486486
