		fasta_entry_index	fasta_entry_header	chain_id	evalue	bitscore	sstart	send	Z-score	rmsd	lali	nres	perc_id	pdb_descr	query_id	sbjct_id	pair_SPS
2	1	(1123, 123)	(1123, 123)	('6HN6:A', '2LBD:A')	(7.63e-172, 1.2699999999999999e-170)	(475.0, 472.0)	(1, 1)	(238, 238)	NA	NA	NA	NA	NA	NA	NA	NA	1.0
3	1	(952, 123)	(952, 123)	('1A28:A', '2LBD:A')	(5.79e-178, 1.2699999999999999e-170)	(491.0, 472.0)	(1, 1)	(251, 238)	NA	NA	NA	NA	NA	NA	NA	NA	1.0
2	0	(1123, 2507)	(1123, 2507)	('6HN6:A', '8ATY:A')	(7.63e-172, 4.7900000000000004e-185)	(475.0, 519.0)	(1, 209)	(238, 478)	NA	NA	NA	NA	NA	NA	NA	NA	0.0
3	0	(952, 2507)	(952, 2507)	('1A28:A', '8ATY:A')	(5.79e-178, 4.7900000000000004e-185)	(491.0, 519.0)	(1, 209)	(251, 478)	NA	NA	NA	NA	NA	NA	NA	NA	0.0
1	0	(123, 2507)	(123, 2507)	('2LBD:A', '8ATY:A')	(1.2699999999999999e-170, 4.7900000000000004e-185)	(472.0, 519.0)	(1, 209)	(238, 478)	NA	NA	NA	NA	NA	NA	NA	NA	0.0
3	2	(952, 1123)	(952, 1123)	('1A28:A', '6HN6:A')	(5.79e-178, 7.63e-172)	(491.0, 475.0)	(1, 1)	(251, 238)	NA	NA	NA	NA	NA	NA	NA	NA	1.0
