		fasta_entry_index	fasta_entry_header	chain_id	evalue	bitscore	sstart	send	Z-score	rmsd	lali	nres	perc_id	pdb_descr	query_id	sbjct_id	pair_SPS
2	1	(3505, 3506)	('1lbd', '2lbd')	('6HN6:A', '2LBD:A')	(7.63e-172, 1.2699999999999999e-170)	(475.0, 472.0)	(1, 1)	(238, 238)	NA	NA	NA	NA	NA	NA	NA	NA	0.0
3	1	(3509, 3506)	('1a28a', '2lbd')	('1A28:A', '2LBD:A')	(5.79e-178, 1.2699999999999999e-170)	(491.0, 472.0)	(1, 1)	(251, 238)	NA	NA	NA	NA	NA	NA	NA	NA	0.0
2	0	(3505, 3507)	('1lbd', '1prga')	('6HN6:A', '8ATY:A')	(7.63e-172, 4.7900000000000004e-185)	(475.0, 519.0)	(1, 209)	(238, 478)	NA	NA	NA	NA	NA	NA	NA	NA	0.0
3	0	(3509, 3507)	('1a28a', '1prga')	('1A28:A', '8ATY:A')	(5.79e-178, 4.7900000000000004e-185)	(491.0, 519.0)	(1, 209)	(251, 478)	NA	NA	NA	NA	NA	NA	NA	NA	0.0
1	0	(3506, 3507)	('2lbd', '1prga')	('2LBD:A', '8ATY:A')	(1.2699999999999999e-170, 4.7900000000000004e-185)	(472.0, 519.0)	(1, 209)	(238, 478)	NA	NA	NA	NA	NA	NA	NA	NA	0.0
3	2	(3509, 3505)	('1a28a', '1lbd')	('1A28:A', '6HN6:A')	(5.79e-178, 7.63e-172)	(491.0, 475.0)	(1, 1)	(251, 238)	NA	NA	NA	NA	NA	NA	NA	NA	0.0
