	qseqid	sseqid	pident	length	mismatch	gapopen	qstart	qend	sstart	send	evalue	bitscore	qlen
0	2cyha	4N1M:A	100	164	0	0	1	164	5	168	1.92e-122	345	164
1	1cyna	3ICI:B	100	178	0	0	1	178	11	188	5.41e-131	367	178
2	2rmca	2RMC:G	100	182	0	0	1	182	1	182	1.1699999999999999e-136	381	182
3	1clh	1CLH:A	100	166	0	0	1	166	1	166	1.6999999999999998e-119	337	166
4	1lopa	1LOP:A	100	164	0	0	1	164	1	164	1.03e-119	337	164
5	1a58	1A58:A	100	177	0	0	1	177	1	177	5.84e-130	364	177
