		fasta_entry_index	fasta_entry_header	chain_id	evalue	bitscore	sstart	send	Z-score	rmsd	lali	nres	perc_id	pdb_descr	query_id	sbjct_id	pair_SPS
1	0	(1159, 1156)	('1prs', '1a5da')	('1PRS:A', '1ZIQ:A')	(1.2800000000000002e-122, 7.419999999999999e-140)	(345.0, 389.0)	(1, 1)	(173, 173)	10.2	2.0	80	173	23	MOLECULE: GAMMA CRYSTALLIN E	1PRSA	1ZIQA	0.7
2	0	(1157, 1156)	('4gcr', '1a5da')	('1GCS:A', '1ZIQ:A')	(3.2699999999999998e-139, 7.419999999999999e-140)	(387.0, 389.0)	(1, 1)	(174, 173)	29.8	1.1	173	173	80	MOLECULE: GAMMA CRYSTALLIN E	1GCSA	1ZIQA	0.9883720930232558
2	1	(1157, 1159)	('4gcr', '1prs')	('1GCS:A', '1PRS:A')	(3.2699999999999998e-139, 1.2800000000000002e-122)	(387.0, 345.0)	(1, 1)	(174, 173)	10.4	1.9	79	173	15	MOLECULE: DEVELOPMENT-SPECIFIC PROTEIN S	1GCSA	1PRSA	0.0
