	qseqid	sseqid	pident	length	mismatch	gapopen	qstart	qend	sstart	send	evalue	bitscore	qlen
0	1ftz	1FTZ:A	100	70	0	0	1	70	1	70	1.07e-43	137.0	70
1	1hom	1HOM:A	100	68	0	0	1	68	1	68	1.6e-44	139.0	68
2	1ftt	1FTT:A	100	68	0	0	1	68	1	68	3.0099999999999997e-40	129.0	68
3	1nk3p	1NK3:P	100	63	0	0	1	63	1	63	3.42e-37	120.0	63
4	1nk3p	1VND:A	100	63	0	0	1	63	8	70	5.03e-37	120.0	63
5	1nk3p	1NK2:P	100	63	0	0	1	63	8	70	5.03e-37	120.0	63
6	1akha	1AKH:A	100	49	0	0	1	49	1	49	9.520000000000001e-29	98.6	49
7	1b8ib	5ZJR:B	100	58	0	0	1	58	6	63	3.19e-38	123.0	58
