	qseqid	sseqid	pident	length	mismatch	gapopen	qstart	qend	sstart	send	evalue	bitscore	qlen
0	19	7ORC:B	100	108	0	0	1	108	591	698	2.3e-64	213	108
1	95	1FFU:E	100	110	0	0	1	110	26	135	1.02e-67	219	110
2	140	8UEM:D	100	110	0	0	1	110	21	130	1.71e-65	213	110
3	255	1FO4:B	100	107	0	0	1	107	585	691	2.8500000000000003e-66	218	107
4	315	5Y6Q:C	100	113	0	0	1	113	21	133	1.12e-69	224	113
5	629	4US9:A	100	119	0	0	1	119	190	308	7e-76	243	119
6	727	7DQX:D	100	119	0	0	1	119	20	138	9.150000000000001e-73	233	119
7	748	1DGJ:A	100	119	0	0	1	119	190	308	4.97e-73	236	119
8	787	1N63:B	100	804	0	0	1	804	2	805	0.0	1635	804
9	803	4ZOH:A	100	90	0	0	1	90	17	106	2.35e-54	181	90
10	897	1FO4:B	100	796	0	0	1	796	535	1330	0.0	1617	796
11	1090	7PX0:D	100	114	0	0	1	114	554	667	2.63e-71	233	114
12	1336	1DGJ:A	100	713	0	0	1	713	194	906	0.0	1444	713
13	1434	2CKJ:B	100	107	0	0	1	107	587	693	2.8500000000000003e-66	218	107
14	1488	2W3S:H	100	108	0	0	1	108	16	123	1.4500000000000001e-65	213	108
15	1569	1SB3:A	100	107	0	0	1	107	17	123	1.2099999999999999e-61	202	107
16	1623	1N63:B	100	110	0	0	1	110	31	140	2.1799999999999998e-67	219	110
17	1811	1T3Q:E	100	115	0	0	1	115	28	142	1.57e-65	214	115
18	1841	6AC4:B	100	107	0	0	1	107	585	691	7.24e-66	217	107
19	1940	3HRD:E	100	107	0	0	1	107	21	127	4.919999999999999e-68	212	107
