	qseqid	sseqid	pident	length	mismatch	gapopen	qstart	qend	sstart	send	evalue	bitscore	qlen
0	1lbd	6HN6:A	100	238	0	0	1	238	1	238	7.63e-172	475	238
1	2lbd	2LBD:A	100	238	0	0	1	238	1	238	1.2699999999999999e-170	472	238
2	1prga	8ATY:A	100	270	0	0	1	270	209	478	4.7900000000000004e-185	519	270
3	1a28a	1E3K:A	100	251	0	0	1	251	1	251	5.79e-178	491	251
4	1a28a	1ZUC:A	100	251	0	0	1	251	1	251	5.79e-178	491	251
5	1a28a	1ZUC:B	100	251	0	0	1	251	1	251	5.79e-178	491	251
6	1a28a	1A28:A	100	251	0	0	1	251	1	251	5.79e-178	491	251
7	1a28a	3HQ5:B	100	251	0	0	1	251	1	251	5.79e-178	491	251
