		fasta_entry_index	fasta_entry_header	chain_id	evalue	bitscore	sstart	send	Z-score	rmsd	lali	nres	perc_id	pdb_descr	query_id	sbjct_id	pair_SPS
2	1	(9551, 12051)	(9551, 12051)	('2FZE:B', '3HUD:B')	(6.739999999999999e-277, 1.79e-277)	(752.0, 753.0)	(1, 1)	(373, 374)	56.4	1.2	369	374	63	MOLECULE: ALCOHOL DEHYDROGENASE	2FZEB	3HUDB	0.7717391304347826
3	1	(12423, 12051)	(12423, 12051)	('1CDO:B', '3HUD:B')	(9.249999999999999e-280, 1.79e-277)	(759.0, 753.0)	(1, 1)	(374, 374)	54.2	1.6	370	374	56	MOLECULE: ALCOHOL DEHYDROGENASE	1CDOB	3HUDB	0.21891891891891893
2	0	(9551, 2899)	(9551, 2899)	('2FZE:B', '7UC9:B')	(6.739999999999999e-277, 1.21e-275)	(752.0, 749.0)	(1, 1)	(373, 374)	58.9	1.2	369	374	63	MOLECULE: ALCOHOL DEHYDROGENASE E CHAIN	2FZEB	7UC9B	0.592391304347826
3	0	(12423, 2899)	(12423, 2899)	('1CDO:B', '7UC9:B')	(9.249999999999999e-280, 1.21e-275)	(759.0, 749.0)	(1, 1)	(374, 374)	56.1	1.5	366	374	55	MOLECULE: ALCOHOL DEHYDROGENASE E CHAIN	1CDOB	7UC9B	0.40710382513661203
1	0	(12051, 2899)	(12051, 2899)	('3HUD:B', '7UC9:B')	(1.79e-277, 1.21e-275)	(753.0, 749.0)	(1, 1)	(374, 374)	61.7	0.7	374	374	87	MOLECULE: ALCOHOL DEHYDROGENASE E CHAIN	3HUDB	7UC9B	0.7058823529411765
3	2	(12423, 9551)	(12423, 9551)	('1CDO:B', '2FZE:B')	(9.249999999999999e-280, 6.739999999999999e-277)	(759.0, 752.0)	(1, 1)	(374, 373)	57.7	1.2	368	373	63	MOLECULE: ALCOHOL DEHYDROGENASE CLASS III CHI CHAIN	1CDOB	2FZEB	0.11989100817438691
