		fasta_entry_index	fasta_entry_header	chain_id	evalue	bitscore	sstart	send	Z-score	rmsd	lali	nres	perc_id	pdb_descr	query_id	sbjct_id	pair_SPS
2	1	(21329, 21327)	('1teha', '3huda')	('2FZE:B', '3HUD:B')	(6.739999999999999e-277, 1.79e-277)	(752.0, 753.0)	(1, 1)	(373, 374)	56.4	1.2	369	374	63	MOLECULE: ALCOHOL DEHYDROGENASE	2FZEB	3HUDB	0.9809782608695652
3	1	(21328, 21327)	('1cdoa', '3huda')	('1CDO:B', '3HUD:B')	(9.249999999999999e-280, 1.79e-277)	(759.0, 753.0)	(1, 1)	(374, 374)	54.2	1.6	370	374	56	MOLECULE: ALCOHOL DEHYDROGENASE	1CDOB	3HUDB	0.9594594594594594
2	0	(21329, 21330)	('1teha', '2ohxa')	('2FZE:B', '7UC9:B')	(6.739999999999999e-277, 1.21e-275)	(752.0, 749.0)	(1, 1)	(373, 374)	58.9	1.2	369	374	63	MOLECULE: ALCOHOL DEHYDROGENASE E CHAIN	2FZEB	7UC9B	0.9809782608695652
3	0	(21328, 21330)	('1cdoa', '2ohxa')	('1CDO:B', '7UC9:B')	(9.249999999999999e-280, 1.21e-275)	(759.0, 749.0)	(1, 1)	(374, 374)	56.1	1.5	366	374	55	MOLECULE: ALCOHOL DEHYDROGENASE E CHAIN	1CDOB	7UC9B	0.9672131147540983
1	0	(21327, 21330)	('3huda', '2ohxa')	('3HUD:B', '7UC9:B')	(1.79e-277, 1.21e-275)	(753.0, 749.0)	(1, 1)	(374, 374)	61.7	0.7	374	374	87	MOLECULE: ALCOHOL DEHYDROGENASE E CHAIN	3HUDB	7UC9B	1.0
3	2	(21328, 21329)	('1cdoa', '1teha')	('1CDO:B', '2FZE:B')	(9.249999999999999e-280, 6.739999999999999e-277)	(759.0, 752.0)	(1, 1)	(374, 373)	57.7	1.2	368	373	63	MOLECULE: ALCOHOL DEHYDROGENASE CLASS III CHI CHAIN	1CDOB	2FZEB	0.9618528610354223
