	qseqid	sseqid	pident	length	mismatch	gapopen	qstart	qend	sstart	send	evalue	bitscore	qlen
0	3app	2WED:A	100	323	0	0	1	323	1	323	4.0699999999999998e-230	629	323
1	4ape	4Y3J:A	100	330	0	0	1	330	1	330	4.46e-226	623	330
2	2apr	4APR:E	100	325	0	0	1	325	1	325	2.7899999999999998e-238	650	325
3	1psn	3UTL:A	100	326	0	0	1	326	1	326	2.12e-238	650	326
