		fasta_entry_index	fasta_entry_header	chain_id	evalue	bitscore	sstart	send	Z-score	rmsd	lali	nres	perc_id	pdb_descr	query_id	sbjct_id	pair_SPS
2	1	(366, 85)	(366, 85)	('1SLA:B', '3ZXF:B')	(6.39e-97, 2.27e-98)	(277.0, 281.0)	(2, 5)	(134, 138)	20.1	1.5	129	138	33	MOLECULE: GALECTIN-7	1SLAB	3ZXFB	0.008130081300813009
3	1	(2, 85)	(2, 85)	('6FOF:A', '3ZXF:B')	(1.2699999999999999e-95, 2.27e-98)	(278.0, 281.0)	(112, 5)	(248, 138)	20.8	1.3	130	138	37	MOLECULE: GALECTIN-7	6FOFA	3ZXFB	0.0
2	0	(366, 127)	(366, 127)	('1SLA:B', '1GAN:B')	(6.39e-97, 4.01e-98)	(277.0, 280.0)	(2, 1)	(134, 134)	25.2	0.8	133	134	49	MOLECULE: GALECTIN-1	1SLAB	1GANB	0.015037593984962405
3	0	(2, 127)	(2, 127)	('6FOF:A', '1GAN:B')	(1.2699999999999999e-95, 4.01e-98)	(278.0, 280.0)	(112, 1)	(248, 134)	18.6	1.7	130	134	23	MOLECULE: GALECTIN-1	6FOFA	1GANB	0.0
1	0	(85, 127)	(85, 127)	('3ZXF:B', '1GAN:B')	(2.27e-98, 4.01e-98)	(281.0, 280.0)	(5, 1)	(138, 134)	19.4	1.6	127	134	30	MOLECULE: GALECTIN-1	3ZXFB	1GANB	0.04918032786885246
3	2	(2, 366)	(2, 366)	('6FOF:A', '1SLA:B')	(1.2699999999999999e-95, 6.39e-97)	(278.0, 277.0)	(112, 2)	(248, 134)	18.7	1.8	131	134	25	MOLECULE: BOVINE GALECTIN-1	6FOFA	1SLAB	0.0
