		fasta_entry_index	fasta_entry_header	chain_id	evalue	bitscore	sstart	send	Z-score	rmsd	lali	nres	perc_id	pdb_descr	query_id	sbjct_id	pair_SPS
2	1	(248, 130)	('4ape', '3app')	('4Y3J:A', '2WED:A')	(4.46e-226, 4.0699999999999998e-230)	(623.0, 629.0)	(1, 1)	(330, 323)	47.8	1.4	321	323	54	MOLECULE: PENICILLOPEPSIN	4Y3JA	2WEDA	0.9076433121019108
3	1	(1189, 130)	('2apr', '3app')	('4APR:E', '2WED:A')	(2.7899999999999998e-238, 4.0699999999999998e-230)	(650.0, 629.0)	(1, 1)	(325, 323)	42.6	1.5	311	323	40	MOLECULE: PENICILLOPEPSIN	4APRE	2WEDA	0.8225806451612904
2	0	(248, 2990)	('4ape', '1psn')	('4Y3J:A', '3UTL:A')	(4.46e-226, 2.12e-238)	(623.0, 650.0)	(1, 1)	(330, 326)	38.8	2.5	312	326	30	MOLECULE: PEPSIN A	4Y3JA	3UTLA	0.8409090909090909
3	0	(1189, 2990)	('2apr', '1psn')	('4APR:E', '3UTL:A')	(2.7899999999999998e-238, 2.12e-238)	(650.0, 650.0)	(1, 1)	(325, 326)	42.6	1.9	315	326	39	MOLECULE: PEPSIN A	4APRE	3UTLA	0.9331210191082803
1	0	(130, 2990)	('3app', '1psn')	('2WED:A', '3UTL:A')	(4.0699999999999998e-230, 2.12e-238)	(629.0, 650.0)	(1, 1)	(323, 326)	39.3	1.9	307	326	34	MOLECULE: PEPSIN A	2WEDA	3UTLA	0.8421052631578947
3	2	(1189, 248)	('2apr', '4ape')	('4APR:E', '4Y3J:A')	(2.7899999999999998e-238, 4.46e-226)	(650.0, 623.0)	(1, 1)	(325, 330)	42.5	1.7	315	331	38	MOLECULE: ENDOTHIAPEPSIN	4APRE	4Y3JA	0.8419354838709677
