	qseqid	sseqid	pident	length	mismatch	gapopen	qstart	qend	sstart	send	evalue	bitscore	qlen
0	1acf	1ACF:A	100	125	0	0	1	125	1	125	2.59e-83	242	125
1	2acg	1F2K:B	100	125	0	0	1	125	1	125	2.1299999999999998e-82	239	125
2	1ypra	1YPR:B	100	125	0	0	1	125	1	125	2.3900000000000002e-88	254	125
3	1a0k	1A0K:A	100	130	0	0	1	130	1	130	2.35e-95	273	130
4	1awia	8BJH:B	100	138	0	0	1	138	439	576	3.41e-93	283	138
