	qseqid	sseqid	pident	length	mismatch	gapopen	qstart	qend	sstart	send	evalue	bitscore	qlen
0	4tsva	5TSW:F	100	147	0	0	1	147	2	148	6.62e-106	301	147
1	2tnfa	7KP7:C	100	148	0	0	1	148	1	148	4.6899999999999995e-106	301	148
2	1d4vb	1D4V:B	100	163	0	0	1	163	1	163	1.2499999999999998e-115	327	163
3	1tnra	1TNR:A	100	144	0	0	1	144	1	144	1.36e-103	295	144
4	1aly	1ALY:A	100	146	0	0	1	146	1	146	4.53e-103	293	146
