		fasta_entry_index	fasta_entry_header	chain_id	evalue	bitscore	sstart	send	Z-score	rmsd	lali	nres	perc_id	pdb_descr	query_id	sbjct_id	pair_SPS
2	1	(1680, 2116)	('B5Z4E4_ECO5E/1-264', '1tis')	('2A9W:D', '1TIS:A')	(3.67e-192, 1.5199999999999994e-220)	(563.0, 602.0)	(1, 1)	(264, 286)	31.7	1.6	256	286	49	MOLECULE: THYMIDYLATE SYNTHASE	2A9WD	1TISA	0.940677966101695
3	1	(2118, 2116)	('1bkpa', '1tis')	('1B02:A', '1TIS:A')	(2.6e-213, 1.5199999999999994e-220)	(583.0, 602.0)	(2, 1)	(279, 286)	28.1	2.2	255	286	36	MOLECULE: THYMIDYLATE SYNTHASE	1B02A	1TISA	0.8548387096774194
2	0	(1680, 2117)	('B5Z4E4_ECO5E/1-264', '2tsra')	('2A9W:D', '2TSR:D')	(3.67e-192, 1.73e-211)	(563.0, 591.0)	(1, 1)	(264, 281)	37.2	1.2	256	282	55	MOLECULE: THYMIDYLATE SYNTHASE	2A9WD	2TSRD	0.9414225941422594
3	0	(2118, 2117)	('1bkpa', '2tsra')	('1B02:A', '2TSR:D')	(2.6e-213, 1.73e-211)	(583.0, 591.0)	(2, 1)	(279, 281)	32.9	1.6	255	282	39	MOLECULE: THYMIDYLATE SYNTHASE	1B02A	2TSRD	0.849802371541502
1	0	(2116, 2117)	('1tis', '2tsra')	('1TIS:A', '2TSR:D')	(1.5199999999999994e-220, 1.73e-211)	(602.0, 591.0)	(1, 1)	(286, 281)	30.7	1.9	260	282	47	MOLECULE: THYMIDYLATE SYNTHASE	1TISA	2TSRD	0.9153846153846154
3	2	(2118, 1680)	('1bkpa', 'B5Z4E4_ECO5E/1-264')	('1B02:A', '2A9W:D')	(2.6e-213, 3.67e-192)	(583.0, 563.0)	(2, 1)	(279, 264)	33.6	1.7	258	264	36	MOLECULE: THYMIDYLATE SYNTHASE	1B02A	2A9WD	0.889344262295082
