		fasta_entry_index	fasta_entry_header	chain_id	evalue	bitscore	sstart	send	Z-score	rmsd	lali	nres	perc_id	pdb_descr	query_id	sbjct_id	pair_SPS
2	1	(1227, 1751)	(1227, 1751)	('2NLL:B', '1HCP:A')	(8.960000000000001e-58, 1.61e-56)	(174.0, 170.0)	(1, 1)	(78, 75)	8.6	2.4	71	75	48	MOLECULE: HUMAN	2NLLB	1HCPA	0.04225352112676056
3	1	(78, 1751)	(78, 1751)	('1LAT:B', '1HCP:A')	(2.4799999999999998e-52, 1.61e-56)	(159.0, 170.0)	(2, 1)	(72, 75)	9.4	2.6	71	75	58	MOLECULE: HUMAN	1LATB	1HCPA	0.058823529411764705
2	0	(1227, 1642)	(1227, 1642)	('2NLL:B', '4NQA:H')	(8.960000000000001e-58, 2.15e-44)	(174.0, 147.0)	(1, 9)	(78, 74)	12.2	1.8	74	319	47	MOLECULE: RETINOIC ACID RECEPTOR RXR-ALPHA	2NLLB	4NQAH	0.016129032258064516
3	0	(78, 1642)	(78, 1642)	('1LAT:B', '4NQA:H')	(2.4799999999999998e-52, 2.15e-44)	(159.0, 147.0)	(2, 9)	(72, 74)	11.2	1.4	72	319	50	MOLECULE: RETINOIC ACID RECEPTOR RXR-ALPHA	1LATB	4NQAH	0.03333333333333333
1	0	(1751, 1642)	(1751, 1642)	('1HCP:A', '4NQA:H')	(1.61e-56, 2.15e-44)	(170.0, 147.0)	(1, 9)	(75, 74)	7.4	2.7	73	319	48	MOLECULE: RETINOIC ACID RECEPTOR RXR-ALPHA	1HCPA	4NQAH	0.15873015873015872
3	2	(78, 1227)	(78, 1227)	('1LAT:B', '2NLL:B')	(2.4799999999999998e-52, 8.960000000000001e-58)	(159.0, 174.0)	(2, 1)	(72, 78)	14.1	1.2	73	103	49	MOLECULE: DNA 	1LATB	2NLLB	0.05714285714285714
