		fasta_entry_index	fasta_entry_header	chain_id	evalue	bitscore	sstart	send	Z-score	rmsd	lali	nres	perc_id	pdb_descr	query_id	sbjct_id	pair_SPS
2	1	(834, 1853)	('1smla', '1qh5a')	('8HXI:B', '1QH3:B')	(1.43e-195, 3.390000000000001e-195)	(537, 536)	(3, 1)	(268, 260)	16.2	3.0	185	260	16	MOLECULE: PROTEIN 	8HXIB	1QH3B	0.7055555555555556
3	1	(1285, 1853)	('1jjta', '1qh5a')	('6JKA:C', '1QH3:B')	(1.78e-163, 3.390000000000001e-195)	(452, 536)	(7, 1)	(226, 260)	15.3	3.5	184	260	15	MOLECULE: PROTEIN 	6JKAC	1QH3B	0.6845238095238095
2	0	(834, 831)	('1smla', '1k07a')	('8HXI:B', '5WCK:B')	(1.43e-195, 8.3e-195)	(537, 535)	(3, 2)	(268, 263)	33.5	1.9	254	263	29	MOLECULE: FEZ-1 PROTEIN	8HXIB	5WCKB	0.9395161290322581
3	0	(1285, 831)	('1jjta', '1k07a')	('6JKA:C', '5WCK:B')	(1.78e-163, 8.3e-195)	(452, 535)	(7, 2)	(226, 263)	18.4	2.5	199	263	13	MOLECULE: FEZ-1 PROTEIN	6JKAC	5WCKB	0.7341040462427746
1	0	(1853, 831)	('1qh5a', '1k07a')	('1QH3:B', '5WCK:B')	(3.390000000000001e-195, 8.3e-195)	(536, 535)	(1, 2)	(260, 263)	15.7	3.3	189	263	15	MOLECULE: FEZ-1 PROTEIN	1QH3B	5WCKB	0.6827956989247311
3	2	(1285, 834)	('1jjta', '1smla')	('6JKA:C', '8HXI:B')	(1.78e-163, 1.43e-195)	(452, 537)	(7, 3)	(226, 268)	18.3	2.7	201	268	15	MOLECULE: METALLO-BETA-LACTAMASE L1 TYPE 3	6JKAC	8HXIB	0.7413793103448276
