		fasta_entry_index	fasta_entry_header	chain_id	evalue	bitscore	sstart	send	Z-score	rmsd	lali	nres	perc_id	pdb_descr	query_id	sbjct_id	pair_SPS
1	0	(245, 432)	(245, 432)	('2WBC:A', '1WBA:A')	(8.150000000000001e-132, 7.159999999999998e-128)	(369, 358)	(1, 1)	(179, 171)	20.7	1.9	155	171	36	MOLECULE: WINGED BEAN ALBUMIN 1	2WBCA	1WBAA	0.09271523178807947
2	0	(356, 432)	(356, 432)	('1AVA:D', '1WBA:A')	(4.78e-140, 7.159999999999998e-128)	(390, 358)	(1, 1)	(181, 171)	19.9	2.4	160	171	20	MOLECULE: WINGED BEAN ALBUMIN 1	1AVAD	1WBAA	0.1111111111111111
2	1	(356, 245)	(356, 245)	('1AVA:D', '2WBC:A')	(4.78e-140, 8.150000000000001e-132)	(390, 369)	(1, 1)	(181, 179)	21.6	2.3	166	183	28	MOLECULE: CHYMOTRYPSIN INHIBITOR	1AVAD	2WBCA	0.09090909090909091
