	qseqid	sseqid	pident	length	mismatch	gapopen	qstart	qend	sstart	send	evalue	bitscore	qlen
0	1be9a	1BE9:A	100	102	0	0	1	102	1	102	1.29e-68	203	102
1	1pdr	1PDR:A	100	96	0	0	1	96	1	96	3.3299999999999996e-61	184	96
2	1qaua	1B8Q:A	100	89	0	0	1	89	8	96	5.03e-56	171	89
3	1i16	1I16:A	100	94	0	0	1	94	27	120	2.6999999999999998e-62	187	94
4	1kwaa	1KWA:A	100	87	0	0	1	87	1	87	2.87e-58	176	87
