		fasta_entry_index	fasta_entry_header	chain_id	evalue	bitscore	sstart	send	Z-score	rmsd	lali	nres	perc_id	pdb_descr	query_id	sbjct_id	pair_SPS
2	1	(2379, 1714)	('1hcp', '2nllb')	('1HCP:A', '2NLL:B')	(1.61e-56, 8.960000000000001e-58)	(170.0, 174.0)	(1, 1)	(75, 78)	8.6	2.4	71	103	48	MOLECULE: DNA 	1HCPA	2NLLB	0.8732394366197183
3	1	(2963, 1714)	('1lata', '2nllb')	('1LAT:B', '2NLL:B')	(2.4799999999999998e-52, 8.960000000000001e-58)	(159.0, 174.0)	(2, 1)	(72, 78)	14.1	1.2	73	103	49	MOLECULE: DNA 	1LATB	2NLLB	0.9571428571428572
2	0	(2379, 214)	('1hcp', '2nlla')	('1HCP:A', '4NQA:H')	(1.61e-56, 2.15e-44)	(170.0, 147.0)	(1, 9)	(75, 74)	7.4	2.7	73	319	48	MOLECULE: RETINOIC ACID RECEPTOR RXR-ALPHA	1HCPA	4NQAH	0.9365079365079365
3	0	(2963, 214)	('1lata', '2nlla')	('1LAT:B', '4NQA:H')	(2.4799999999999998e-52, 2.15e-44)	(159.0, 147.0)	(2, 9)	(72, 74)	11.2	1.4	72	319	50	MOLECULE: RETINOIC ACID RECEPTOR RXR-ALPHA	1LATB	4NQAH	0.9666666666666667
1	0	(1714, 214)	('2nllb', '2nlla')	('2NLL:B', '4NQA:H')	(8.960000000000001e-58, 2.15e-44)	(174.0, 147.0)	(1, 9)	(78, 74)	12.2	1.8	74	319	47	MOLECULE: RETINOIC ACID RECEPTOR RXR-ALPHA	2NLLB	4NQAH	0.9838709677419355
3	2	(2963, 2379)	('1lata', '1hcp')	('1LAT:B', '1HCP:A')	(2.4799999999999998e-52, 1.61e-56)	(159.0, 170.0)	(2, 1)	(72, 75)	9.4	2.6	71	75	58	MOLECULE: HUMAN	1LATB	1HCPA	0.9558823529411765
