		fasta_entry_index	fasta_entry_header	chain_id	evalue	bitscore	sstart	send	Z-score	rmsd	lali	nres	perc_id	pdb_descr	query_id	sbjct_id	pair_SPS
2	1	(2099, 2096)	('1di0a', '1c2ya')	('1DI0:B', '1C2Y:T')	(4.33e-102, 2.89e-108)	(291, 307)	(1, 1)	(148, 155)	19.1	1.8	139	155	26	MOLECULE: PROTEIN 	1DI0B	1C2YT	0.8484848484848485
3	1	(2097, 2096)	('1ejba', '1c2ya')	('1EJB:E', '1C2Y:T')	(4.86e-120, 2.89e-108)	(338, 307)	(1, 1)	(168, 155)	21.5	1.9	148	155	27	MOLECULE: PROTEIN 	1EJBE	1C2YT	0.9562043795620438
2	0	(2099, 2095)	('1di0a', '1rvva')	('1DI0:B', '1ZIS:J')	(4.33e-102, 3.8e-108)	(291, 307)	(1, 1)	(148, 154)	19.2	1.8	138	154	27	MOLECULE: 6	1DI0B	1ZISJ	0.8181818181818182
3	0	(2097, 2095)	('1ejba', '1rvva')	('1EJB:E', '1ZIS:J')	(4.86e-120, 3.8e-108)	(338, 307)	(1, 1)	(168, 154)	23.1	1.8	149	154	32	MOLECULE: 6	1EJBE	1ZISJ	0.9562043795620438
1	0	(2096, 2095)	('1c2ya', '1rvva')	('1C2Y:T', '1ZIS:J')	(2.89e-108, 3.8e-108)	(307, 307)	(1, 1)	(155, 154)	28.0	0.9	153	154	46	MOLECULE: 6	1C2YT	1ZISJ	0.9803921568627451
3	2	(2097, 2099)	('1ejba', '1di0a')	('1EJB:E', '1DI0:B')	(4.86e-120, 4.33e-102)	(338, 291)	(1, 1)	(168, 148)	17.9	2.0	137	148	21	MOLECULE: LUMAZINE SYNTHASE	1EJBE	1DI0B	0.7983193277310925
