		fasta_entry_index	fasta_entry_header	chain_id	evalue	bitscore	sstart	send	Z-score	rmsd	lali	nres	perc_id	pdb_descr	query_id	sbjct_id	pair_SPS
2	1	(6, 2)	('2apsa', '1mfma')	('2APS:B', '1BA9:A')	(6.06e-119, 7.4e-110)	(334, 311)	(1, 1)	(155, 153)	16.6	2.5	138	153	29	MOLECULE: SUPEROXIDE DISMUTASE	2APSB	1BA9A	0.9117647058823529
3	1	(1, 2)	('1cbja', '1mfma')	('1SDA:Y', '1BA9:A')	(3.68e-109, 7.4e-110)	(309, 311)	(1, 1)	(151, 153)	24.9	1.6	150	153	79	MOLECULE: SUPEROXIDE DISMUTASE	1SDAY	1BA9A	0.972972972972973
2	0	(6, 4)	('2apsa', '1srda')	('2APS:B', '1SRD:D')	(6.06e-119, 2.7800000000000005e-110)	(334, 312)	(1, 1)	(155, 154)	18.6	2.3	140	154	29	MOLECULE: COPPER	2APSB	1SRDD	0.9712230215827338
3	0	(1, 4)	('1cbja', '1srda')	('1SDA:Y', '1SRD:D')	(3.68e-109, 2.7800000000000005e-110)	(309, 312)	(1, 1)	(151, 154)	29.1	0.9	150	154	55	MOLECULE: COPPER	1SDAY	1SRDD	0.9932432432432432
1	0	(2, 4)	('1mfma', '1srda')	('1BA9:A', '1SRD:D')	(7.4e-110, 2.7800000000000005e-110)	(311, 312)	(1, 1)	(153, 154)	24.0	1.7	151	154	57	MOLECULE: COPPER	1BA9A	1SRDD	0.9933774834437086
3	2	(1, 6)	('1cbja', '2apsa')	('1SDA:Y', '2APS:B')	(3.68e-109, 6.06e-119)	(309, 334)	(1, 1)	(151, 155)	19.0	2.2	140	155	30	MOLECULE: PROTEIN 	1SDAY	2APSB	0.9338235294117647
