		fasta_entry_index	fasta_entry_header	chain_id	evalue	bitscore	sstart	send	Z-score	rmsd	lali	nres	perc_id	pdb_descr	query_id	sbjct_id	pair_SPS
2	1	(1207, 2158)	(1207, 2158)	('1ORT:L', '1A1S:A')	(4.34e-247, 3.23e-231)	(673.0, 631.0)	(1, 1)	(335, 313)	40.7	1.8	311	313	41	MOLECULE: ORNITHINE CARBAMOYLTRANSFERASE	1ORTL	1A1SA	0.020761245674740483
3	1	(3015, 2158)	(3015, 2158)	('1C9Y:A', '1A1S:A')	(9.67e-235, 3.23e-231)	(641.0, 631.0)	(1, 1)	(321, 313)	45.1	1.3	307	313	45	MOLECULE: ORNITHINE CARBAMOYLTRANSFERASE	1C9YA	1A1SA	0.03257328990228013
2	0	(1207, 3013)	(1207, 3013)	('1ORT:L', '2OTC:I')	(4.34e-247, 1.39e-242)	(673.0, 662.0)	(1, 1)	(335, 333)	44.0	1.7	328	334	57	MOLECULE: ORNITHINE CARBAMOYLTRANSFERASE	1ORTL	2OTCI	0.1345565749235474
3	0	(3015, 3013)	(3015, 3013)	('1C9Y:A', '2OTC:I')	(9.67e-235, 1.39e-242)	(641.0, 662.0)	(1, 1)	(321, 333)	43.9	1.3	309	334	39	MOLECULE: ORNITHINE CARBAMOYLTRANSFERASE	1C9YA	2OTCI	0.020202020202020204
1	0	(2158, 3013)	(2158, 3013)	('1A1S:A', '2OTC:I')	(3.23e-231, 1.39e-242)	(631.0, 662.0)	(1, 1)	(313, 333)	43.4	1.4	307	334	41	MOLECULE: ORNITHINE CARBAMOYLTRANSFERASE	1A1SA	2OTCI	0.0
3	2	(3015, 1207)	(3015, 1207)	('1C9Y:A', '1ORT:L')	(9.67e-235, 4.34e-247)	(641.0, 673.0)	(1, 1)	(321, 335)	37.9	2.1	308	335	39	MOLECULE: ORNITHINE TRANSCARBAMOYLASE	1C9YA	1ORTL	0.03741496598639456
