		fasta_entry_index	fasta_entry_header	chain_id	evalue	bitscore	sstart	send	Z-score	rmsd	lali	nres	perc_id	pdb_descr	query_id	sbjct_id	pair_SPS
2	1	(17196, 17198)	('1k07a', '1jjta')	('5WCK:B', '6JKA:C')	(8.3e-195, 1.78e-163)	(535, 452)	(2, 7)	(263, 226)	18.4	2.5	199	228	13	MOLECULE: METALLO-BETA-LACTAMASE TYPE 2	5WCKB	6JKAC	0.7803468208092486
3	1	(17200, 17198)	('1qh5a', '1jjta')	('1QH3:B', '6JKA:C')	(3.390000000000001e-195, 1.78e-163)	(536, 452)	(1, 7)	(260, 226)	15.3	3.5	184	228	15	MOLECULE: METALLO-BETA-LACTAMASE TYPE 2	1QH3B	6JKAC	0.6785714285714286
2	0	(17196, 17195)	('1k07a', '1smla')	('5WCK:B', '8HXI:B')	(8.3e-195, 1.43e-195)	(535, 537)	(2, 3)	(263, 268)	33.5	1.9	253	268	29	MOLECULE: METALLO-BETA-LACTAMASE L1 TYPE 3	5WCKB	8HXIB	0.708502024291498
3	0	(17200, 17195)	('1qh5a', '1smla')	('1QH3:B', '8HXI:B')	(3.390000000000001e-195, 1.43e-195)	(536, 537)	(1, 3)	(260, 268)	16.2	3.0	185	268	16	MOLECULE: METALLO-BETA-LACTAMASE L1 TYPE 3	1QH3B	8HXIB	0.7055555555555556
1	0	(17198, 17195)	('1jjta', '1smla')	('6JKA:C', '8HXI:B')	(1.78e-163, 1.43e-195)	(452, 537)	(7, 3)	(226, 268)	18.3	2.7	201	268	15	MOLECULE: METALLO-BETA-LACTAMASE L1 TYPE 3	6JKAC	8HXIB	0.7758620689655172
3	2	(17200, 17196)	('1qh5a', '1k07a')	('1QH3:B', '5WCK:B')	(3.390000000000001e-195, 8.3e-195)	(536, 535)	(1, 2)	(260, 263)	15.7	3.3	189	263	15	MOLECULE: FEZ-1 PROTEIN	1QH3B	5WCKB	0.7043010752688172
