		fasta_entry_index	fasta_entry_header	chain_id	evalue	bitscore	sstart	send	Z-score	rmsd	lali	nres	perc_id	pdb_descr	query_id	sbjct_id	pair_SPS
2	1	(5931, 3893)	(5931, 3893)	('1CWS:A', '1ORB:A')	(1.17e-134, 1.4200000000000002e-110)	(376, 318)	(2, 1)	(178, 149)	7.0	3.3	112	293	13	MOLECULE: CARBOXYMETHYLATED RHODANESE	1CWSA	1ORBA	0.019230769230769232
3	1	(8829, 3893)	(8829, 3893)	('1E0C:A', '1ORB:A')	(8.800000000000001e-96, 1.4200000000000002e-110)	(279, 318)	(1, 1)	(135, 149)	30.6	2.3	262	293	24	MOLECULE: CARBOXYMETHYLATED RHODANESE	1E0CA	1ORBA	0.008620689655172414
2	0	(5931, 4594)	(5931, 4594)	('1CWS:A', '1C25:A')	(1.17e-134, 3.61e-123)	(376, 345)	(2, 1)	(178, 161)	26.1	1.3	157	161	67	MOLECULE: CDC25A	1CWSA	1C25A	0.01282051282051282
3	0	(8829, 4594)	(8829, 4594)	('1E0C:A', '1C25:A')	(8.800000000000001e-96, 3.61e-123)	(279, 345)	(1, 1)	(135, 161)	10.3	4.1	111	161	14	MOLECULE: CDC25A	1E0CA	1C25A	0.0
1	0	(3893, 4594)	(3893, 4594)	('1ORB:A', '1C25:A')	(1.4200000000000002e-110, 3.61e-123)	(318, 345)	(1, 1)	(149, 161)	7.4	4.2	111	161	20	MOLECULE: CDC25A	1ORBA	1C25A	0.009433962264150943
3	2	(8829, 5931)	(8829, 5931)	('1E0C:A', '1CWS:A')	(8.800000000000001e-96, 1.17e-134)	(279, 376)	(1, 2)	(135, 178)	9.9	2.3	104	178	16	MOLECULE: CDC25 B-TYPE TYROSINE PHOSPHATASE	1E0CA	1CWSA	0.0
