		fasta_entry_index	fasta_entry_header	chain_id	evalue	bitscore	sstart	send	Z-score	rmsd	lali	nres	perc_id	pdb_descr	query_id	sbjct_id	pair_SPS
2	1	(68, 162)	(68, 162)	('1KTK:C', '1STE:A')	(1.89e-152, 7.329999999999999e-172)	(423.0, 475.0)	(3, 1)	(208, 237)	19.4	2.7	193	237	22	MOLECULE: STAPHYLOCOCCAL ENTEROTOXIN C2	1KTKC	1STEA	0.006060606060606061
3	1	(176, 162)	(176, 162)	('1SBB:B', '1STE:A')	(1.22e-175, 7.329999999999999e-172)	(484.0, 475.0)	(1, 1)	(238, 237)	35.8	1.1	229	237	68	MOLECULE: STAPHYLOCOCCAL ENTEROTOXIN C2	1SBBB	1STEA	0.24017467248908297
2	0	(68, 85)	(68, 85)	('1KTK:C', '3TSS:A')	(1.89e-152, 9.17e-138)	(423.0, 385.0)	(3, 1)	(208, 190)	19.4	2.0	178	190	20	MOLECULE: TOXIC SHOCK SYNDROME TOXIN-1	1KTKC	3TSSA	0.006211180124223602
3	0	(176, 85)	(176, 85)	('1SBB:B', '3TSS:A')	(1.22e-175, 9.17e-138)	(484.0, 385.0)	(1, 1)	(238, 190)	15.8	3.0	173	190	18	MOLECULE: TOXIC SHOCK SYNDROME TOXIN-1	1SBBB	3TSSA	0.0425531914893617
1	0	(162, 85)	(162, 85)	('1STE:A', '3TSS:A')	(7.329999999999999e-172, 9.17e-138)	(475.0, 385.0)	(1, 1)	(237, 190)	16.1	3.0	177	190	18	MOLECULE: TOXIC SHOCK SYNDROME TOXIN-1	1STEA	3TSSA	0.05517241379310345
3	2	(176, 68)	(176, 68)	('1SBB:B', '1KTK:C')	(1.22e-175, 1.89e-152)	(484.0, 423.0)	(1, 3)	(238, 208)	19.5	2.8	193	208	22	MOLECULE: EXOTOXIN TYPE C	1SBBB	1KTKC	0.06666666666666667
