	qseqid	sseqid	pident	length	mismatch	gapopen	qstart	qend	sstart	send	evalue	bitscore	qlen
0	1ptf	1QFR:A	100	87	0	0	1	87	1	87	1.9299999999999997e-54	166	87
1	2hid	1JEM:A	100	87	0	0	1	87	1	87	2.13e-53	163	87
2	2hid	2HID:A	100	87	0	0	1	87	1	87	2.13e-53	163	87
3	1poh	1VRC:D	100	85	0	0	1	85	1	85	6.189999999999999e-52	159	85
4	1pch	1PCH:A	100	88	0	0	1	88	1	88	5.599999999999999e-54	165	88
5	1ka5a	1KA5:A	100	88	0	0	1	88	1	88	1.1699999999999999e-55	169	88
