	qseqid	sseqid	pident	length	mismatch	gapopen	qstart	qend	sstart	send	evalue	bitscore	qlen
0	1btl	3C7V:A	100	263	0	0	1	263	1	263	5.3799999999999995e-189	520.0	263
1	1btl	3C7V:C	100	263	0	0	1	263	1	263	5.3799999999999995e-189	520.0	263
2	1btl	3C7U:A	100	263	0	0	1	263	1	263	5.3799999999999995e-189	520.0	263
3	1btl	3C7U:C	100	263	0	0	1	263	1	263	5.3799999999999995e-189	520.0	263
4	1shva	5EE8:A	100	265	0	0	1	265	1	265	1.73e-186	514.0	265
