		fasta_entry_index	fasta_entry_header	chain_id	evalue	bitscore	sstart	send	Z-score	rmsd	lali	nres	perc_id	pdb_descr	query_id	sbjct_id	pair_SPS
2	1	(523, 2590)	(523, 2590)	('4APR:E', '3UTL:A')	(2.7899999999999998e-238, 2.12e-238)	(650.0, 650.0)	(1, 1)	(325, 326)	42.6	1.9	315	326	39	MOLECULE: PEPSIN A	4APRE	3UTLA	0.006369426751592357
3	1	(178, 2590)	(178, 2590)	('2WED:A', '3UTL:A')	(4.0699999999999998e-230, 2.12e-238)	(629.0, 650.0)	(1, 1)	(323, 326)	39.3	1.9	307	326	34	MOLECULE: PEPSIN A	2WEDA	3UTLA	0.006578947368421052
2	0	(523, 1758)	(523, 1758)	('4APR:E', '4Y3J:A')	(2.7899999999999998e-238, 4.46e-226)	(650.0, 623.0)	(1, 1)	(325, 330)	42.5	1.7	315	331	38	MOLECULE: ENDOTHIAPEPSIN	4APRE	4Y3JA	0.0064516129032258064
3	0	(178, 1758)	(178, 1758)	('2WED:A', '4Y3J:A')	(4.0699999999999998e-230, 4.46e-226)	(629.0, 623.0)	(1, 1)	(323, 330)	47.8	1.4	321	331	54	MOLECULE: ENDOTHIAPEPSIN	2WEDA	4Y3JA	0.006369426751592357
1	0	(2590, 1758)	(2590, 1758)	('3UTL:A', '4Y3J:A')	(2.12e-238, 4.46e-226)	(650.0, 623.0)	(1, 1)	(326, 330)	38.8	2.5	311	331	30	MOLECULE: ENDOTHIAPEPSIN	3UTLA	4Y3JA	0.019543973941368076
3	2	(178, 523)	(178, 523)	('2WED:A', '4APR:E')	(4.0699999999999998e-230, 2.7899999999999998e-238)	(629.0, 650.0)	(1, 1)	(323, 325)	42.6	1.5	311	325	40	MOLECULE: RHIZOPUSPEPSIN	2WEDA	4APRE	0.0064516129032258064
