		fasta_entry_index	fasta_entry_header	chain_id	evalue	bitscore	sstart	send	Z-score	rmsd	lali	nres	perc_id	pdb_descr	query_id	sbjct_id	pair_SPS
2	1	(3252, 3254)	('2apr', '1psn')	('4APR:E', '3UTL:A')	(2.7899999999999998e-238, 2.12e-238)	(650.0, 650.0)	(1, 1)	(325, 326)	42.6	1.9	315	326	39	MOLECULE: PEPSIN A	4APRE	3UTLA	0.9012738853503185
3	1	(3250, 3254)	('3app', '1psn')	('2WED:A', '3UTL:A')	(4.0699999999999998e-230, 2.12e-238)	(629.0, 650.0)	(1, 1)	(323, 326)	39.3	1.9	307	326	34	MOLECULE: PEPSIN A	2WEDA	3UTLA	0.8782894736842105
2	0	(3252, 3251)	('2apr', '4ape')	('4APR:E', '4Y3J:A')	(2.7899999999999998e-238, 4.46e-226)	(650.0, 623.0)	(1, 1)	(325, 330)	42.5	1.7	315	331	38	MOLECULE: ENDOTHIAPEPSIN	4APRE	4Y3JA	0.8838709677419355
3	0	(3250, 3251)	('3app', '4ape')	('2WED:A', '4Y3J:A')	(4.0699999999999998e-230, 4.46e-226)	(629.0, 623.0)	(1, 1)	(323, 330)	47.8	1.4	321	331	54	MOLECULE: ENDOTHIAPEPSIN	2WEDA	4Y3JA	0.9363057324840764
1	0	(3254, 3251)	('1psn', '4ape')	('3UTL:A', '4Y3J:A')	(2.12e-238, 4.46e-226)	(650.0, 623.0)	(1, 1)	(326, 330)	38.8	2.5	311	331	30	MOLECULE: ENDOTHIAPEPSIN	3UTLA	4Y3JA	0.8566775244299675
3	2	(3250, 3252)	('3app', '2apr')	('2WED:A', '4APR:E')	(4.0699999999999998e-230, 2.7899999999999998e-238)	(629.0, 650.0)	(1, 1)	(323, 325)	42.6	1.5	311	325	40	MOLECULE: RHIZOPUSPEPSIN	2WEDA	4APRE	0.932258064516129
