	qseqid	sseqid	pident	length	mismatch	gapopen	qstart	qend	sstart	send	evalue	bitscore	qlen
0	1euea	1EUE:A	100	86	0	0	1	86	1	86	9.35e-61	182	86
1	1euea	1EUE:B	100	86	0	0	1	86	1	86	9.35e-61	182	86
2	1cyo	1HKO:A	100	88	0	0	1	88	5	92	1.4600000000000002e-59	179	88
3	1cxya	1CXY:A	100	81	0	0	1	81	1	81	5.37e-60	179	81
4	1kbia	1KBI:A	100	92	0	0	1	92	1	92	2.7699999999999998e-61	196	92
