	qseqid	sseqid	pident	length	mismatch	gapopen	qstart	qend	sstart	send	evalue	bitscore	qlen
0	Q8GUD7_HEVBR/1-39	4MPI:B	100	39	0	0	1	39	3	41	7.73e-27	93.2	39
1	Q949H3_HEVBR/1-39	4MPI:B	100	39	0	0	1	39	3	41	7.73e-27	93.2	39
2	O49860_HEVBR/1-41	4WP4:A	100	41	0	0	1	41	1	41	7.13e-30	100.0	41
3	1hev	4WP4:A	100	43	0	0	1	43	1	43	1.14e-31	105.0	43
4	LECC_PHYAM/45-84	1ULK:B	100	40	0	0	1	40	1	40	4.2600000000000004e-27	96.3	40
5	LED2_PHYAM/1-40	1ULM:B	100	40	0	0	1	40	1	40	3.58e-27	95.1	40
6	AMP_TRIKH/1-41	2LB7:A	100	41	0	0	1	41	1	41	2.0200000000000002e-27	94.7	41
7	AGI1_WHEAT/113-152	8VU7:A	100	40	0	0	1	40	4	43	9.79e-28	95.5	40
8	AGI_HORVU/26-66	8VU6:A	100	41	0	0	1	41	4	44	2.5599999999999998e-28	97.1	41
9	AGI2_WHEAT/27-67	8VU6:A	100	41	0	0	1	41	4	44	2.5599999999999998e-28	97.1	41
10	AGI1_WHEAT/26-66	8VU6:A	100	41	0	0	1	41	4	44	2.5599999999999998e-28	97.1	41
11	1wgta1	2X52:A	100	42	0	0	1	42	2	43	5.830000000000001e-29	102.0	42
12	AGI2_WHEAT/156-196	8VU8:A	100	41	0	0	1	41	1	41	6.9e-28	95.9	41
13	AGI3_WHEAT/129-169	8VU8:A	100	41	0	0	1	41	1	41	6.9e-28	95.9	41
14	AGI1_WHEAT/155-195	8VU8:A	100	41	0	0	1	41	1	41	6.9e-28	95.9	41
15	1wgta4	8VU8:A	100	42	0	0	1	42	2	43	1.2399999999999999e-28	97.8	42
