		fasta_entry_index	fasta_entry_header	chain_id	evalue	bitscore	sstart	send	Z-score	rmsd	lali	nres	perc_id	pdb_descr	query_id	sbjct_id	pair_SPS
2	1	(3203, 3205)	('1euea', '1cxya')	('1EUE:A', '1CXY:A')	(9.35e-61, 5.37e-60)	(182.0, 179.0)	(1, 1)	(86, 81)	13.4	1.2	77	81	36	MOLECULE: CYTOCHROME B5	1EUEA	1CXYA	0.7402597402597403
3	1	(3204, 3205)	('1cyo', '1cxya')	('1HKO:A', '1CXY:A')	(1.4600000000000006e-59, 5.37e-60)	(179.0, 179.0)	(5, 1)	(92, 81)	9.9	1.5	74	81	35	MOLECULE: CYTOCHROME B5	1HKOA	1CXYA	0.7142857142857143
2	0	(3203, 3206)	('1euea', '1kbia')	('1EUE:A', '1KBI:A')	(9.35e-61, 2.7699999999999998e-61)	(182.0, 196.0)	(1, 1)	(86, 92)	11.5	2.3	82	504	37	MOLECULE: CYTOCHROME B2	1EUEA	1KBIA	0.8974358974358975
3	0	(3204, 3206)	('1cyo', '1kbia')	('1HKO:A', '1KBI:A')	(1.4600000000000006e-59, 2.7699999999999998e-61)	(179.0, 196.0)	(5, 1)	(92, 92)	7.8	3.8	88	504	30	MOLECULE: CYTOCHROME B2	1HKOA	1KBIA	0.9125
1	0	(3205, 3206)	('1cxya', '1kbia')	('1CXY:A', '1KBI:A')	(5.37e-60, 2.7699999999999998e-61)	(179.0, 196.0)	(1, 1)	(81, 92)	9.9	1.7	75	504	35	MOLECULE: CYTOCHROME B2	1CXYA	1KBIA	0.7361111111111112
3	2	(3204, 3203)	('1cyo', '1euea')	('1HKO:A', '1EUE:A')	(1.4600000000000006e-59, 9.35e-61)	(179.0, 182.0)	(5, 1)	(92, 86)	11.4	3.1	85	86	56	MOLECULE: CYTOCHROME B5	1HKOA	1EUEA	0.9873417721518988
