	qseqid	sseqid	pident	length	mismatch	gapopen	qstart	qend	sstart	send	evalue	bitscore	qlen
0	3huda	3HUD:B	100	374	0	0	1	374	1	374	1.79e-277	753	374
1	1cdoa	1CDO:B	100	374	0	0	1	374	1	374	9.249999999999999e-280	759	374
2	1teha	2FZE:B	100	373	0	0	1	373	1	373	6.739999999999999e-277	752	373
3	2ohxa	7UC9:B	100	374	0	0	1	374	1	374	1.21e-275	749	374
