	qseqid	sseqid	pident	length	mismatch	gapopen	qstart	qend	sstart	send	evalue	bitscore	qlen
0	1fada	1FAD:A	100	95	0	0	1	95	1	95	1.0799999999999999e-61	185	95
1	1e41a	1E3Y:A	100	104	0	0	1	104	1	104	3.58e-71	209	104
2	1icha	1ICH:A	100	87	0	0	1	87	1	87	3.38e-59	178	87
3	1ngr	1NGR:A	100	85	0	0	1	85	1	85	4.0000000000000004e-57	172	85
4	1d2za	1YGO:A	100	102	0	0	1	102	7	108	1.34e-69	206	102
5	1d2zb	1D2Z:D	100	150	0	0	1	150	1	150	1.22e-105	300	150
