	qseqid	sseqid	pident	length	mismatch	gapopen	qstart	qend	sstart	send	evalue	bitscore	qlen
0	1lte	1LTE:A	100	239	0	0	1	239	1	239	3.6499999999999997e-175	483.0	239
1	2pela	6VAW:D	100	232	0	0	1	232	1	232	3.91e-162	450.0	232
2	1lec	1GSL:A	100	242	0	0	1	242	2	243	1.09e-180	498.0	242
3	1sbf	4D69:A	100	234	0	0	1	234	1	234	3.24e-171	473.0	234
4	1sbf	4D69:D	100	234	0	0	1	234	1	234	3.24e-171	473.0	234
5	1sbf	4D69:F	100	234	0	0	1	234	1	234	3.24e-171	473.0	234
6	1sbf	4D69:I	100	234	0	0	1	234	1	234	3.24e-171	473.0	234
7	1sbf	1SBF:A	100	234	0	0	1	234	1	234	3.24e-171	473.0	234
8	1wbla	2D3S:D	100	237	0	0	1	237	1	237	1.2400000000000001e-166	476.0	237
9	1avba	1AVB:B	100	226	0	0	1	226	1	226	5.58e-159	441.0	226
10	1lu1	1BJQ:H	100	253	0	0	1	253	1	253	2.64e-175	485.0	253
