	qseqid	sseqid	pident	length	mismatch	gapopen	qstart	qend	sstart	send	evalue	bitscore	qlen
0	1bo4a	6BVC:A	100	136	0	0	1	136	2	137	9.649999999999999e-95	272	136
1	1cm0a	1CM0:A	100	162	0	0	1	162	1	162	9.15e-120	337	162
2	1ygha	6CW2:D	100	164	0	0	1	164	28	191	1.78e-117	334	164
3	1qsta	5GCN:A	100	160	0	0	1	160	5	164	9.36e-120	337	160
4	1b87a	1B87:A	100	181	0	0	1	181	1	181	1.66e-131	368	181
5	1cjwa	1IB1:H	100	166	0	0	1	166	13	178	7.1400000000000005e-124	348	166
