		fasta_entry_index	fasta_entry_header	chain_id	evalue	bitscore	sstart	send	Z-score	rmsd	lali	nres	perc_id	pdb_descr	query_id	sbjct_id	pair_SPS
1	0	(2345, 1269)	(2345, 1269)	('1LLP:A', '1MN2:A')	(2.5600000000000002e-259, 3.02e-265)	(705.0, 721.0)	(1, 1)	(343, 357)	50.0	1.3	337	357	46	MOLECULE: MANGANESE PEROXIDASE	1LLPA	1MN2A	0.009036144578313253
2	0	(409, 1269)	(409, 1269)	('1ARV:A', '1MN2:A')	(3.04e-243, 3.02e-265)	(664.0, 721.0)	(1, 1)	(336, 357)	48.2	1.3	331	357	44	MOLECULE: MANGANESE PEROXIDASE	1ARVA	1MN2A	0.012307692307692308
2	1	(409, 2345)	(409, 2345)	('1ARV:A', '1LLP:A')	(3.04e-243, 2.5600000000000002e-259)	(664.0, 705.0)	(1, 1)	(336, 343)	50.1	1.2	335	343	44	MOLECULE: LIGNIN PEROXIDASE	1ARVA	1LLPA	0.0030120481927710845
