	qseqid	sseqid	pident	length	mismatch	gapopen	qstart	qend	sstart	send	evalue	bitscore	qlen
0	1bdo	1A6X:A	100	80	0	0	1	80	8	87	2.17e-51	158	80
1	1lac	1LAB:A	100	80	0	0	1	80	1	80	5.25e-53	162	80
2	1ghk	1GHK:A	100	79	0	0	1	79	1	79	4.55e-49	152	79
3	1iyv	1IYV:A	100	79	0	0	1	79	1	79	5.3199999999999993e-48	149	79
4	1pmr	1PMR:A	100	80	0	0	1	80	1	80	2.93e-50	155	80
5	1fyc	1FYC:A	100	106	0	0	1	106	1	106	1.2400000000000001e-72	213	106
