	qseqid	sseqid	pident	length	mismatch	gapopen	qstart	qend	sstart	send	evalue	bitscore	qlen
0	1adja	1ADJ:D	100	324	0	0	1	324	1	324	9.559999999999999e-228	627	324
1	1srya	1SET:B	100	311	0	0	1	311	111	421	4.6699999999999995e-229	630	311
2	1qf6a	1QF6:A	100	291	0	0	1	291	240	530	6.45e-222	620	291
