		fasta_entry_index	fasta_entry_header	chain_id	evalue	bitscore	sstart	send	Z-score	rmsd	lali	nres	perc_id	pdb_descr	query_id	sbjct_id	pair_SPS
2	1	(283, 26)	(283, 26)	('3ZXF:B', '6FOF:A')	(2.27e-98, 1.2699999999999999e-95)	(281.0, 278.0)	(5, 112)	(138, 248)	20.8	1.3	130	153	37	MOLECULE: GALECTIN-3	3ZXFB	6FOFA	0.0
3	1	(446, 26)	(446, 26)	('1SLA:B', '6FOF:A')	(6.39e-97, 1.2699999999999999e-95)	(277.0, 278.0)	(2, 112)	(134, 248)	18.7	1.8	131	153	25	MOLECULE: GALECTIN-3	1SLAB	6FOFA	0.0
2	0	(283, 380)	(283, 380)	('3ZXF:B', '1GAN:B')	(2.27e-98, 4.01e-98)	(281.0, 280.0)	(5, 1)	(138, 134)	19.4	1.6	127	134	30	MOLECULE: GALECTIN-1	3ZXFB	1GANB	0.03278688524590164
3	0	(446, 380)	(446, 380)	('1SLA:B', '1GAN:B')	(6.39e-97, 4.01e-98)	(277.0, 280.0)	(2, 1)	(134, 134)	25.2	0.8	133	134	49	MOLECULE: GALECTIN-1	1SLAB	1GANB	0.05263157894736842
1	0	(26, 380)	(26, 380)	('6FOF:A', '1GAN:B')	(1.2699999999999999e-95, 4.01e-98)	(278.0, 280.0)	(112, 1)	(248, 134)	18.6	1.7	130	134	23	MOLECULE: GALECTIN-1	6FOFA	1GANB	0.0
3	2	(446, 283)	(446, 283)	('1SLA:B', '3ZXF:B')	(6.39e-97, 2.27e-98)	(277.0, 281.0)	(2, 5)	(134, 138)	20.1	1.5	129	138	33	MOLECULE: GALECTIN-7	1SLAB	3ZXFB	0.016260162601626018
