	qseqid	sseqid	pident	length	mismatch	gapopen	qstart	qend	sstart	send	evalue	bitscore	qlen
0	1c1da	1C1D:A	100	349	0	0	1	349	1	349	6.209999999999999e-241	659	349
1	1leha	1LEH:B	100	364	0	0	1	364	1	364	2.2800000000000002e-259	707	364
2	1gtma	1GTM:C	100	417	0	0	1	417	1	417	2.15e-309	838	417
3	1bvua	1BVU:F	100	416	0	0	1	416	1	416	1.63e-308	835	416
4	1euza	8XD5:A	100	416	0	0	1	416	4	419	1.42e-307	837	416
5	1b26a	1B26:F	100	409	0	0	1	409	1	409	1.3199999999999998e-299	812	409
6	1hwxa	1HWY:F	100	501	0	0	1	501	1	501	0.0	1012	501
7	1bgva	1BGV:A	100	449	0	0	1	449	1	449	0.0	897	449
