		fasta_entry_index	fasta_entry_header	chain_id	evalue	bitscore	sstart	send	Z-score	rmsd	lali	nres	perc_id	pdb_descr	query_id	sbjct_id	pair_SPS
2	1	(2489, 2071)	(2489, 2071)	('1AM9:C', '1HLO:A')	(1.4299999999999999e-46, 2.42e-49)	(145.0, 152.0)	(1, 1)	(80, 80)	4.2	3.3	66	80	8	MOLECULE: DNA 	1AM9C	1HLOA	0.09090909090909091
3	1	(1565, 2071)	(1565, 2071)	('1AN4:B', '1HLO:A')	(1.66e-38, 2.42e-49)	(124.0, 152.0)	(1, 1)	(65, 80)	2.6	3.4	53	80	4	MOLECULE: DNA 	1AN4B	1HLOA	0.0
2	0	(2489, 2475)	(2489, 2475)	('1AM9:C', '1A0A:B')	(1.4299999999999999e-46, 2.92e-38)	(145.0, 123.0)	(1, 1)	(80, 63)	NA	NA	NA	NA	NA	NA	NA	NA	0.0
3	0	(1565, 2475)	(1565, 2475)	('1AN4:B', '1A0A:B')	(1.66e-38, 2.92e-38)	(124.0, 123.0)	(1, 1)	(65, 63)	NA	NA	NA	NA	NA	NA	NA	NA	0.0
1	0	(2071, 2475)	(2071, 2475)	('1HLO:A', '1A0A:B')	(2.42e-49, 2.92e-38)	(152.0, 123.0)	(1, 1)	(80, 63)	4.3	2.4	55	63	25	MOLECULE: DNA 	1HLOA	1A0AB	0.0
3	2	(1565, 2489)	(1565, 2489)	('1AN4:B', '1AM9:C')	(1.66e-38, 1.4299999999999999e-46)	(124.0, 145.0)	(1, 1)	(65, 80)	NA	NA	NA	NA	NA	NA	NA	NA	0.0
