	qseqid	sseqid	pident	length	mismatch	gapopen	qstart	qend	sstart	send	evalue	bitscore	qlen
0	1wba	1WBA:A	100	171	0	0	1	171	1	171	7.159999999999999e-128	358	171
1	1avac	1AVA:D	100	181	0	0	1	181	1	181	4.78e-140	390	181
2	4wbca	2WBC:A	100	179	0	0	1	179	1	179	8.150000000000001e-132	369	179
