		fasta_entry_index	fasta_entry_header	chain_id	evalue	bitscore	sstart	send	Z-score	rmsd	lali	nres	perc_id	pdb_descr	query_id	sbjct_id	pair_SPS
2	1	(286, 925)	('1xyza', '1clxa')	('1XYZ:B', '1W2P:B')	(1.4000000000000002e-249, 1.53e-257)	(678.0, 701.0)	(1, 1)	(320, 345)	39.0	1.9	307	346	34	MOLECULE: ENDO-1	1XYZB	1W2PB	0.925531914893617
3	1	(340, 925)	('1bg4', '1clxa')	('1B3X:A', '1W2P:B')	(1.0699999999999999e-221, 1.53e-257)	(606.0, 701.0)	(2, 1)	(302, 345)	36.9	1.8	288	346	37	MOLECULE: ENDO-1	1B3XA	1W2PB	0.9442231075697212
2	0	(286, 168)	('1xyza', '1exp')	('1XYZ:B', '3CUF:A')	(1.4000000000000002e-249, 1.12e-231)	(678.0, 632.0)	(1, 1)	(320, 312)	44.7	1.4	310	314	41	MOLECULE: EXO-BETA-1	1XYZB	3CUFA	0.9503311258278145
3	0	(340, 168)	('1bg4', '1exp')	('1B3X:A', '3CUF:A')	(1.0699999999999999e-221, 1.12e-231)	(606.0, 632.0)	(2, 1)	(302, 312)	42.1	1.5	293	314	39	MOLECULE: EXO-BETA-1	1B3XA	3CUFA	0.9611307420494699
1	0	(925, 168)	('1clxa', '1exp')	('1W2P:B', '3CUF:A')	(1.53e-257, 1.12e-231)	(701.0, 632.0)	(1, 1)	(345, 312)	40.0	1.9	305	314	41	MOLECULE: EXO-BETA-1	1W2PB	3CUFA	0.9261992619926199
3	2	(340, 286)	('1bg4', '1xyza')	('1B3X:A', '1XYZ:B')	(1.0699999999999999e-221, 1.4000000000000002e-249)	(606.0, 678.0)	(2, 1)	(302, 320)	40.2	1.6	295	320	39	MOLECULE: 1	1B3XA	1XYZB	0.9640287769784173
