	qseqid	sseqid	pident	length	mismatch	gapopen	qstart	qend	sstart	send	evalue	bitscore	qlen
0	2nlla	4NQA:H	100	66	0	0	1	66	9	74	2.15e-44	147	66
1	2nllb	2NLL:B	100	78	0	0	1	78	1	78	8.960000000000001e-58	174	78
2	1hcp	1HCP:A	100	75	0	0	1	75	1	75	1.61e-56	170	75
3	1lata	1LAT:B	100	71	0	0	1	71	2	72	2.4799999999999998e-52	159	71
