		fasta_entry_index	fasta_entry_header	chain_id	evalue	bitscore	sstart	send	Z-score	rmsd	lali	nres	perc_id	pdb_descr	query_id	sbjct_id	pair_SPS
1	0	(3004, 1457)	(3004, 1457)	('1LLP:A', '1MN2:A')	(2.5600000000000002e-259, 3.02e-265)	(705.0, 721.0)	(1, 1)	(343, 357)	50.0	1.3	337	357	46	MOLECULE: MANGANESE PEROXIDASE	1LLPA	1MN2A	0.02108433734939759
2	0	(2487, 1457)	(2487, 1457)	('1ARV:A', '1MN2:A')	(3.04e-243, 3.02e-265)	(664.0, 721.0)	(1, 1)	(336, 357)	48.2	1.3	331	357	44	MOLECULE: MANGANESE PEROXIDASE	1ARVA	1MN2A	0.018461538461538463
2	1	(2487, 3004)	(2487, 3004)	('1ARV:A', '1LLP:A')	(3.04e-243, 2.5600000000000002e-259)	(664.0, 705.0)	(1, 1)	(336, 343)	50.1	1.2	335	343	44	MOLECULE: LIGNIN PEROXIDASE	1ARVA	1LLPA	0.006024096385542169
