	qseqid	sseqid	pident	length	mismatch	gapopen	qstart	qend	sstart	send	evalue	bitscore	qlen
0	2hppp	2HPP:P	100	79	0	0	1	79	1	79	1.9000000000000001e-59	178	79
1	2hpqp	6C2W:B	100	79	0	0	1	79	170	248	2.2e-55	182	79
2	1tpka	1PK2:A	100	88	0	0	1	88	3	90	4.47e-67	198	88
3	1kdu	1URK:A	100	85	0	0	1	85	44	128	4.92e-67	199	85
4	1pkr	4A5T:S	100	80	0	0	1	80	83	162	6.129999999999999e-54	181	80
5	2pf1	2PF1:A	100	93	0	0	1	93	29	121	1.59e-70	208	93
