		fasta_entry_index	fasta_entry_header	chain_id	evalue	bitscore	sstart	send	Z-score	rmsd	lali	nres	perc_id	pdb_descr	query_id	sbjct_id	pair_SPS
2	1	(1605, 1601)	('1klda', '3bmpa')	('5VQF:C', '6OMN:G')	(3.47e-84, 5.33e-81)	(252.0, 234.0)	(250, 3)	(361, 108)	9.7	2.6	91	108	33	MOLECULE: BONE MORPHOGENETIC PROTEIN 2	5VQFC	6OMNG	0.0
3	1	(1603, 1601)	('2tgi', '3bmpa')	('1TFG:A', '6OMN:G')	(3.5600000000000005e-86, 5.33e-81)	(248.0, 234.0)	(1, 3)	(112, 108)	12.0	2.6	102	108	33	MOLECULE: BONE MORPHOGENETIC PROTEIN 2	1TFGA	6OMNG	0.9285714285714286
2	0	(1605, 1602)	('1klda', '1lxia')	('5VQF:C', '1M4U:L')	(3.47e-84, 7.650000000000001e-79)	(252.0, 229.0)	(250, 9)	(361, 112)	9.5	3.8	92	112	34	MOLECULE: BONE MORPHOGENETIC PROTEIN-7	5VQFC	1M4UL	0.0
3	0	(1603, 1602)	('2tgi', '1lxia')	('1TFG:A', '1M4U:L')	(3.5600000000000005e-86, 7.650000000000001e-79)	(248.0, 229.0)	(1, 9)	(112, 112)	11.9	2.6	102	112	34	MOLECULE: BONE MORPHOGENETIC PROTEIN-7	1TFGA	1M4UL	0.9489795918367347
1	0	(1601, 1602)	('3bmpa', '1lxia')	('6OMN:G', '1M4U:L')	(5.33e-81, 7.650000000000001e-79)	(234.0, 229.0)	(3, 9)	(108, 112)	15.6	1.8	108	112	56	MOLECULE: BONE MORPHOGENETIC PROTEIN-7	6OMNG	1M4UL	0.979381443298969
3	2	(1603, 1605)	('2tgi', '1klda')	('1TFG:A', '5VQF:C')	(3.5600000000000005e-86, 3.47e-84)	(248.0, 252.0)	(1, 250)	(112, 361)	12.5	1.6	98	340	66	MOLECULE: TRANSFORMING GROWTH FACTOR BETA-1	1TFGA	5VQFC	0.0
