	qseqid	sseqid	pident	length	mismatch	gapopen	qstart	qend	sstart	send	evalue	bitscore	qlen
0	3bmpa	6OMN:G	100	106	0	0	1	106	3	108	5.33e-81	234	106
1	1lxia	1M4U:L	100	104	0	0	1	104	9	112	7.650000000000001e-79	229	104
2	2tgi	1TFG:A	100	112	0	0	1	112	1	112	3.5600000000000005e-86	248	112
3	1klda	5VQF:C	100	112	0	0	1	112	250	361	3.47e-84	252	112
